segment_id	annotation_start	annotation_length	severity	severity_weight	category
2 2	56 47	5 9	major	5.0	Word Order
0 0	24 15	5 8	major	5.0	Word Order
2	110	8	major	5.0	Word Order
4	0	4	major	5.0	Agreement
4	199	1	major	5.0	Omitted Preposition
4	27	1	major	5.0	Omitted Preposition
4	212	4	major	5.0	Wrong Preposition
3	19	10	major	5.0	POS
6 6	9 0	5 5	major	5.0	Word Order
4	238	9	major	5.0	Lexical Selection
6	21	9	major	5.0	Lexical Selection
5	60	2	major	5.0	Wrong Preposition
4	200	3	major	5.0	Addition
2	109	1	major	5.0	Omitted Preposition
5	69	1	major	5.0	Other POS Omitted
6	53	7	major	5.0	Agreement
2	8	1	major	5.0	Omitted Determiner
4	130	3	critical	10.0	Untranslated
2	18	5	major	5.0	Lexical Selection
4	4	1	major	5.0	Other POS Omitted
4	11	4	major	5.0	POS
6	6	2	major	5.0	Addition
