segment_id	annotation_start	annotation_length	severity	severity_weight	category
4	13	1	major	5.0	Omitted Determiner
4 4	63 74	10 19	major	5.0	Word Order
4 4	52 41	5 10	major	5.0	Word Order
3	0	10	major	5.0	Tense/Mood/Aspect
0 0	40 31	11 1	major	5.0	Word Order
5 5	67 60	5 4	major	5.0	Word Order
3	26	2	major	5.0	Wrong Preposition
3	40	1	major	5.0	Omitted Preposition
5	66	1	major	5.0	Omitted Determiner
5	77	1	major	5.0	Omitted Determiner
3 3	57 25	8 1	major	5.0	Word Order
0 0	7 16	8 7	major	5.0	Word Order
3 5	19 3	6 7	major	5.0	Inconsistency
5	64	2	major	5.0	Wrong Preposition
2 2	37 24	5 1	minor	1.0	Word Order
5	86	9	major	5.0	Untranslated
5	130	1	minor	1.0	Other POS Omitted
4 4	14 23	8 6	major	5.0	Word Order
4	135	1	major	5.0	Omitted Determiner
4	152	1	minor	1.0	Other POS Omitted
5	229	9	major	5.0	False Friend
