segment_id	annotation_start	annotation_length	severity	severity_weight	category
2	30	8	major	5.0	Lexical Selection
3	11	1	minor	1.0	Punctuation
2	128	4	major	5.0	Shouldn't Have Been Translated
2	280	7	major	5.0	Lexical Selection
2	83	1	major	5.0	Omitted Preposition
2	268	2	major	5.0	Untranslated
2	0	5	major	5.0	Shouldn't Have Been Translated
2	125	2	major	5.0	Wrong Preposition
2	210	8	major	5.0	POS
2	172	1	major	5.0	Omitted Pronoun
2	43	6	major	5.0	Unit Conversion
2	253	7	major	5.0	Lexical Selection
2 2	20 6	8 13	major	5.0	Word Order
2	176	10	major	5.0	Tense/Mood/Aspect
3	3	8	major	5.0	Lexical Selection
0 0 0 0	33 19 8 0	8 13 10 7	major	5.0	Word Order
