segment_id	annotation_start	annotation_length	severity	severity_weight	category
4	65	1	major	5.0	Omitted Preposition
3	89	5	major	5.0	Lexical Selection
3	0	2	major	5.0	Wrong Pronoun
2	66	9	major	5.0	Lexical Selection
4	35	6	major	5.0	Lexical Selection
4	57	8	major	5.0	Tense/Mood/Aspect
2	4	4	major	5.0	POS
3	95	5	major	5.0	Word Order
4	146	6	major	5.0	Agreement
2	16	1	major	5.0	Omitted Preposition
4	27	7	major	5.0	Lexical Selection
2	0	3	major	5.0	Wrong Determiner
3	13	5	major	5.0	Agreement
2	28	3	major	5.0	POS
4	56	1	major	5.0	Omitted Pronoun
2	31	1	major	5.0	Omitted Preposition
2	22	5	major	5.0	Word Order
3	65	8	major	5.0	Lexical Selection
