segment_id	annotation_start	annotation_length	severity	severity_weight	category
5	36	9	major	5.0	Word Order
4	16	9	major	5.0	Word Order
2	5	5	critical	10.0	Untranslated
2	10	1	major	5.0	Omitted Determiner
4	26	31	major	5.0	Word Order
2	0	4	major	5.0	Word Order
0	37	16	major	5.0	Word Order
5	0	7	critical	10.0	Shouldn't Have Been Translated
0	7	1	major	5.0	Omitted Preposition
0	0	7	major	5.0	Word Order
5	32	4	major	5.0	Addition
2	4	1	major	5.0	Omitted Preposition
4	25	1	major	5.0	Omitted Preposition
5	24	7	major	5.0	Agreement
