segment_id	annotation_start	annotation_length	severity	severity_weight	category
8	79	1	major	5.0	Omitted Determiner
6	65	1	major	5.0	Omitted Preposition
2	75	8	major	5.0	Agreement
7 7	133 126	3 6	major	5.0	Word Order
2	41	7	major	5.0	Tense/Mood/Aspect
4	28	1	major	5.0	Other POS Omitted
3	39	6	major	5.0	Lexical Selection
3	188	1	major	5.0	Omitted Preposition
4	77	5	major	5.0	Tense/Mood/Aspect
2	92	6	major	5.0	Lexical Selection
2	38	3	major	5.0	Wrong Pronoun
4	151	10	major	5.0	Lexical Selection
3	179	9	major	5.0	Word Order
2	89	3	major	5.0	Agreement
2	0	11	major	5.0	Lexical Selection
8	46	1	major	5.0	Omitted Determiner
4	15	5	major	5.0	Lexical Selection
3	69	8	major	5.0	Word Order
3 3	149 143	10 5	major	5.0	Word Order
2	102	5	critical	10.0	Shouldn't Have Been Translated
8	8	10	major	5.0	Lexical Selection
4	102	5	major	5.0	Lexical Selection
3	178	1	major	5.0	Omitted Preposition
3	66	2	major	5.0	Word Order
7	125	1	major	5.0	Omitted Determiner
3	169	1	major	5.0	Omitted Preposition
5	76	7	critical	10.0	Untranslated
3	123	13	major	5.0	Lexical Selection
2	112	1	major	5.0	Omitted Preposition
4	39	1	major	5.0	Omitted Determiner
2	99	2	major	5.0	Addition
3	189	6	major	5.0	Lexical Selection
7	139	1	major	5.0	Omitted Determiner
3	104	1	major	5.0	Omitted Preposition
6 6	35 60	24 5	major	5.0	Word Order
5	25	1	major	5.0	Omitted Determiner
