segment_id	annotation_start	annotation_length	severity	severity_weight	category
6	97	15	major	5.0	Lexical Selection
7	3	7	critical	10.0	Untranslated
6	35	1	major	5.0	Omitted Determiner
4	16	3	major	5.0	Lexical Selection
6	0	1	major	5.0	Omitted Determiner
2	75	7	major	5.0	Word Order
7	29	9	major	5.0	Word Order
4	19	1	major	5.0	Omitted Determiner
5	6	2	major	5.0	Lexical Selection
7	39	3	critical	10.0	Untranslated
4	50	1	major	5.0	Omitted Determiner
6	47	6	major	5.0	Word Order
4	0	4	major	5.0	Agreement
6	36	10	major	5.0	Lexical Selection
2	98	5	major	5.0	Unit Conversion
3	54	8	major	5.0	Tense/Mood/Aspect
6	92	1	major	5.0	Omitted Preposition
6	93	3	major	5.0	Word Order
7	42	2	critical	10.0	Untranslated
7	0	3	critical	10.0	Untranslated
3	52	2	major	5.0	Word Order
4	100	3	major	5.0	Lexical Selection
6	71	18	major	5.0	Word Order
5	8	1	major	5.0	Other POS Omitted
6	57	13	major	5.0	Lexical Selection
