segment_id	annotation_start	annotation_length	severity	severity_weight	category
5 5	29 48	7 1	major	5.0	Word Order
8 8	35 24	3 4	major	5.0	Agreement
9	65	9	major	5.0	Overly Literal
2	57	13	major	5.0	Word Order
4	76	3	major	5.0	POS
7	92	2	minor	1.0	Whitespace
7 7	111 99	11 6	minor	1.0	Agreement
8	23	1	major	5.0	Omitted Determiner
3	52	4	major	5.0	Addition
4	33	7	major	5.0	Overly Literal
0	26	1	major	5.0	Omitted Preposition
5 7	0 0	3 10	minor	1.0	Agreement
6	99	1	major	5.0	Omitted Preposition
5	123	8	major	5.0	Lexical Selection
9 2	109 4	7 6	minor	1.0	Agreement
4 4 3	83 92 0	3 5 10	minor	1.0	Agreement
8	110	1	major	5.0	Omitted Preposition
7	29	7	major	5.0	False Friend
5	115	8	major	5.0	Lexical Selection
0	34	10	major	5.0	Lexical Selection
0	20	1	major	5.0	Omitted Preposition
8	91	2	major	5.0	POS
9	0	6	major	5.0	Omitted Determiner
8	0	2	major	5.0	Other POS Omitted
3	50	2	major	5.0	Wrong Preposition
5 5	37 28	3 1	major	5.0	Word Order
2	17	3	major	5.0	POS
4	0	6	major	5.0	Omitted Pronoun
5	137	7	major	5.0	Lexical Selection
0	14	1	major	5.0	Omitted Preposition
6	27	5	major	5.0	Overly Literal
5	65	16	major	5.0	Lexical Selection
3	43	3	major	5.0	POS
8 8	94 111	16 6	major	5.0	Word Order
5	102	6	major	5.0	Lexical Selection
8	90	1	major	5.0	Other POS Omitted
7	46	2	major	5.0	POS
7	11	8	minor	1.0	Overly Literal
4	22	3	major	5.0	Wrong Determiner
5	41	7	major	5.0	POS
6	45	3	major	5.0	Wrong Determiner
8	93	1	major	5.0	Omitted Determiner
7	178	5	major	5.0	Wrong Preposition
7 7	94 105	4 1	major	5.0	Word Order
7	98	1	major	5.0	Omitted Determiner
5 5	86 108	9 1	major	5.0	Word Order
6	34	3	major	5.0	Wrong Determiner
9	58	7	major	5.0	Lexical Selection
3	56	6	major	5.0	POS
9	75	9	major	5.0	Overly Literal
5	135	1	major	5.0	Wrong Preposition
6	74	1	major	5.0	Omitted Preposition
2	41	2	major	5.0	Addition
5	96	5	major	5.0	Addition
6 6	75 81	5 6	major	5.0	Word Order
8 8	2 13	1 9	major	5.0	Word Order
4	75	1	major	5.0	Other POS Omitted
2	10	1	major	5.0	Other POS Omitted
4	100	5	major	5.0	Overly Literal
