segment_id	annotation_start	annotation_length	severity	severity_weight	category
0	17	6	critical	10.0	Shouldn't Have Been Translated
0	55	6	major	5.0	Word Order
0	32	7	major	5.0	Word Order
0	0	1	major	5.0	Omitted Preposition
2	120	1	major	5.0	Omitted Determiner
0	24	7	critical	10.0	Shouldn't Have Been Translated
2	157	8	critical	10.0	Shouldn't Have Been Translated
3	0	1	major	5.0	Omitted Determiner
2	196	5	critical	10.0	Untranslated
2	202	5	critical	10.0	Untranslated
10 10	0 19	18 7	major	5.0	Word Order
10	27	8	critical	10.0	Addition
10	45	1	major	5.0	Omitted Determiner
10	55	9	major	5.0	Lexical Selection
8	25	2	critical	10.0	Untranslated
8	28	3	critical	10.0	Untranslated
8	32	3	critical	10.0	Untranslated
8	129	1	major	5.0	Omitted Determiner
7	68	5	major	5.0	Unit Conversion
7	157	8	critical	10.0	Untranslated
7	165	7	major	5.0	Untranslated
7	177	8	critical	10.0	Untranslated
7	185	5	critical	10.0	Untranslated
7	199	6	critical	10.0	Untranslated
7	205	5	critical	10.0	Untranslated
7	240	1	major	5.0	Omitted Determiner
7	249	1	major	5.0	Omitted Preposition
7	233	7	major	5.0	Word Order
7	250	1	major	5.0	Agreement
7	256	6	major	5.0	Agreement
7	0	9	major	5.0	POS
7	32	6	major	5.0	Addition
7	133	1	major	5.0	Omitted Determiner
4	52	1	major	5.0	Omitted Determiner
3	148	1	major	5.0	Omitted Preposition
3	138	2	major	5.0	POS
3 3	174 168	7 5	major	5.0	Word Order
3	65	1	major	5.0	Addition
3	81	2	major	5.0	Wrong Preposition
3	29	1	major	5.0	Omitted Preposition
3	8	10	major	5.0	Word Order
