segment_id	annotation_start	annotation_length	severity	severity_weight	category
2	34	7	major	5.0	Lexical Selection
3	91	3	major	5.0	Wrong Pronoun
4	59	8	major	5.0	Lexical Selection
4	37	6	major	5.0	Lexical Selection
0 0	0 35	7 8	major	5.0	Word Order
2	7	9	major	5.0	Tense/Mood/Aspect
3	47	7	major	5.0	Lexical Selection
3 3	82 75	8 1	major	5.0	Word Order
2 2	3 16	3 1	major	5.0	Word Order
0	13	7	major	5.0	Lexical Selection
5	121	1	major	5.0	Omitted Preposition
3	12	2	major	5.0	Addition
3	76	5	major	5.0	Lexical Selection
2	2	1	major	5.0	Omitted Pronoun
