segment_id	annotation_start	annotation_length	severity	severity_weight	category
6	87	9	major	5.0	POS
6	84	2	major	5.0	Addition
0	6	2	major	5.0	Wrong Preposition
2	66	5	major	5.0	Lexical Selection
0	0	5	major	5.0	Lexical Selection
5	39	2	major	5.0	Wrong Preposition
4	77	11	major	5.0	Overly Literal
0 0	22 16	6 1	major	5.0	Word Order
6	69	2	major	5.0	Wrong Preposition
3 3	23 12	7 10	major	5.0	Word Order
6	46	9	major	5.0	Unit Conversion
6	72	11	major	5.0	Unit Conversion
3	147	6	major	5.0	Lexical Selection
6	102	2	major	5.0	Wrong Determiner
6	59	9	major	5.0	Unit Conversion
6	83	1	major	5.0	Omitted Conjunction
3	113	5	major	5.0	Lexical Selection
4	43	12	major	5.0	Overly Literal
6	56	2	major	5.0	Wrong Preposition
6	104	9	major	5.0	Lexical Selection
0	17	4	major	5.0	Untranslated
0 0	64 8	1 1	major	5.0	Word Order
5	27	5	major	5.0	Lexical Selection
3 3	39 45	5 8	major	5.0	Word Order
3	190	1	major	5.0	Omitted Preposition
