segment_id	annotation_start	annotation_length	severity	severity_weight	category
5	36	4	major	5.0	Lexical Selection
0 0	10 24	6 10	critical	10.0	Untranslated
2	45	1	major	5.0	Omitted Determiner
5	24	1	major	5.0	Omitted Preposition
6	282	51	major	5.0	Word Order
6	153	1	major	5.0	Under-translation
6	126	10	major	5.0	POS
6	118	8	major	5.0	Lexical Selection
5	101	10	major	5.0	POS
6	578	28	major	5.0	Overly Literal
6	357	70	major	5.0	Word Order
6	217	22	major	5.0	Word Order
2	108	1	major	5.0	Omitted Pronoun
6	180	14	major	5.0	False Friend
6	629	3	major	5.0	Lexical Selection
2	93	1	major	5.0	Omitted Preposition
6	521	16	major	5.0	Lexical Selection
6	13	19	major	5.0	Overly Literal
4	129	23	major	5.0	Overly Literal
6	239	10	major	5.0	Omitted Pronoun
4	66	3	major	5.0	Wrong Pronoun
6	249	1	major	5.0	Omitted Determiner
6	613	4	major	5.0	Lexical Selection
3	67	4	major	5.0	Lexical Selection
4	34	18	major	5.0	Overly Literal
2	46	26	major	5.0	Word Order
6 6 6 6	268 348 490 547	13 9 9 15	critical	10.0	Untranslated
4	97	27	major	5.0	Overly Literal
