segment_id	annotation_start	annotation_length	severity	severity_weight	category
3	135	1	minor	1.0	Hyphenation
5	140	1	minor	1.0	Hyphenation
4 4	190 173	4 7	minor	1.0	Agreement
3 3	102 106	3 4	minor	1.0	Agreement
2	85	5	major	5.0	Untranslated
2	80	1	major	5.0	Omitted Preposition
3 3	79 124	1 6	major	5.0	Word Order
2	84	1	minor	1.0	Hyphenation
5	47	11	major	5.0	Untranslated
5 5	134 141	6 6	major	5.0	Word Order
0	54	1	major	5.0	Omitted Preposition
3	148	3	major	5.0	Addition
0	31	5	major	5.0	Untranslated
4	94	3	major	5.0	Lexical Selection
2	70	4	major	5.0	Untranslated
5	189	5	major	5.0	Untranslated
5 5	163 171	6 9	major	5.0	Inconsistency
3 3	80 84	3 5	minor	1.0	Agreement
3	159	6	major	5.0	Addition
5	205	5	major	5.0	Untranslated
3 3	141 123	5 1	major	5.0	Word Order
6	3	3	major	5.0	False Friend
3	158	1	major	5.0	Other POS Omitted
2 2	91 66	8 1	major	5.0	Word Order
0	86	1	major	5.0	Omitted Conjunction
3	131	4	major	5.0	Untranslated
3 3	112 115	3 4	minor	1.0	Agreement
3 3	91 97	5 3	major	5.0	Word Order
6	46	7	major	5.0	Lexical Selection
0 3	13 56	3 8	major	5.0	Inconsistency
4	4	5	major	5.0	False Friend
