segment_id	annotation_start	annotation_length	severity	severity_weight	category
2	101	11	major	5.0	Agreement
4	39	1	major	5.0	Omitted Preposition
2	41	6	major	5.0	Unit Conversion
0	17	1	major	5.0	Omitted Preposition
0	18	4	critical	10.0	Untranslated
2	88	7	major	5.0	Agreement
2	95	1	major	5.0	Other POS Omitted
4	62	6	major	5.0	Word Order
4	71	1	major	5.0	Omitted Preposition
2	83	4	major	5.0	Lexical Selection
4	59	2	major	5.0	Addition
2	48	1	major	5.0	Omitted Determiner
2	96	4	major	5.0	Agreement
