segment_id	annotation_start	annotation_length	severity	severity_weight	category
2	151	5	major	5.0	Wrong Conjunction
2	739	2	major	5.0	Unit Conversion
2	156	1	major	5.0	Omitted Determiner
2	358	2	major	5.0	Unit Conversion
2 2	92 79	3 12	major	5.0	Word Order
0	14	3	major	5.0	Word Order
2	456	3	critical	10.0	Untranslated
2	564	5	major	5.0	Word Order
2	677	5	major	5.0	Word Order
2	744	2	major	5.0	Unit Conversion
2	267	6	major	5.0	Lexical Selection
2	253	4	critical	10.0	Untranslated
2	626	2	major	5.0	Unit Conversion
2	240	1	major	5.0	Omitted Determiner
2	401	2	major	5.0	Unit Conversion
2	574	12	major	5.0	Unit Conversion
2	570	3	critical	10.0	Untranslated
2	189	14	major	5.0	Capitalization
2	224	3	major	5.0	Word Order
2	324	1	major	5.0	Omitted Preposition
2	165	1	major	5.0	Omitted Determiner
2	174	1	major	5.0	Omitted Determiner
2	325	15	major	5.0	Word Order
2	514	2	major	5.0	Unit Conversion
2	683	3	critical	10.0	Untranslated
2	344	7	major	5.0	Lexical Selection
2	70	5	major	5.0	Lexical Selection
2	450	5	major	5.0	Word Order
2	219	4	critical	10.0	Shouldn't Have Been Translated
2	231	1	major	5.0	Omitted Preposition
2	185	4	major	5.0	Addition
2	236	4	critical	10.0	Untranslated
2	587	3	major	5.0	Word Order
2	104	4	major	5.0	Lexical Selection
2	361	3	major	5.0	Lexical Selection
2	687	12	major	5.0	Unit Conversion
2	109	9	major	5.0	Lexical Selection
2	24	3	critical	10.0	Shouldn't Have Been Translated
2	241	9	major	5.0	Word Order
2	321	2	major	5.0	Unit Conversion
2	37	4	major	5.0	Lexical Selection
2	800	3	major	5.0	Unit Conversion
2	464	12	major	5.0	Unit Conversion
2	144	6	major	5.0	Lexical Selection
0	9	5	major	5.0	Lexical Selection
2	42	4	minor	1.0	Capitalization
2	228	3	major	5.0	Word Order
2	139	4	major	5.0	Addition
2	700	4	major	5.0	Word Order
