segment_id	annotation_start	annotation_length	severity	severity_weight	category
5 5	0 28	15 6	major	5.0	Word Order
0	17	10	critical	10.0	Untranslated
5	221	1	major	5.0	Omitted Preposition
2	65	10	critical	10.0	Untranslated
11	263	26	major	5.0	Overly Literal
6	61	6	major	5.0	Wrong Conjunction
5	228	11	major	5.0	Word Order
11	566	4	major	5.0	Omitted Conjunction
4	0	5	major	5.0	Lexical Selection
11	492	4	major	5.0	Tense/Mood/Aspect
12	37	16	major	5.0	Word Order
6	94	1	major	5.0	Over-translation
11	465	10	critical	10.0	Untranslated
7	41	43	major	5.0	Overly Literal
2	85	4	major	5.0	Wrong Preposition
13	169	1	major	5.0	Omitted Determiner
11 11 11 11 11 11 11	14 75 112 132 357 365 453	13 14 14 14 7 13 11	critical	10.0	Untranslated
6	127	6	major	5.0	Tense/Mood/Aspect
6	42	1	major	5.0	Wrong Preposition
3	20	1	major	5.0	Omitted Determiner
6	124	3	major	5.0	Over-translation
5	16	11	critical	10.0	Untranslated
5	84	3	major	5.0	Over-translation
13	51	10	major	5.0	Word Order
13	200	1	major	5.0	Omitted Determiner
4	116	11	major	5.0	Over-translation
12	63	12	major	5.0	Tense/Mood/Aspect
5	83	1	major	5.0	Omitted Preposition
3	60	10	major	5.0	Lexical Selection
11	294	16	critical	10.0	Untranslated
0	28	15	major	5.0	Word Order
11	252	10	critical	10.0	Untranslated
6	80	4	major	5.0	Over-translation
5	240	2	major	5.0	Wrong Preposition
13	159	1	major	5.0	Omitted Determiner
2	76	8	major	5.0	Lexical Selection
5	252	48	major	5.0	Overly Literal
13	89	4	major	5.0	Wrong Pronoun
