segment_id	annotation_start	annotation_length	severity	severity_weight	category
6	80	7	major	5.0	Untranslated
9	46	1	major	5.0	Omitted Determiner
6	19	1	major	5.0	Omitted Preposition
8 8	133 126	3 6	major	5.0	Word Order
8	139	1	major	5.0	Omitted Determiner
2	85	6	major	5.0	Lexical Selection
4	146	10	major	5.0	Lexical Selection
4	39	1	major	5.0	Omitted Determiner
7	65	1	major	5.0	Omitted Preposition
5	42	1	major	5.0	Omitted Determiner
6	38	1	major	5.0	Omitted Preposition
4	77	5	major	5.0	Tense/Mood/Aspect
4	15	5	major	5.0	Lexical Selection
5	41	1	major	5.0	Omitted Preposition
9	8	10	major	5.0	Lexical Selection
0	37	4	critical	10.0	Untranslated
4	28	1	major	5.0	Other POS Omitted
8	125	1	major	5.0	Omitted Determiner
5	50	2	major	5.0	Wrong Preposition
6	20	12	major	5.0	Word Order
2	24	17	major	5.0	Lexical Selection
0	34	2	major	5.0	Addition
9	79	1	major	5.0	Omitted Determiner
2	0	7	major	5.0	Lexical Selection
2	44	1	major	5.0	Other POS Omitted
3 3 3	46 45 44	1 1 1	major	5.0	Word Order
0	10	15	major	5.0	Word Order
9 9	139 128	6 10	major	5.0	Word Order
7 7	35 60	24 5	major	5.0	Word Order
0	26	7	major	5.0	Lexical Selection
