segment_id	annotation_start	annotation_length	severity	severity_weight	category
4	121	2	major	5.0	Wrong Preposition
3	27	1	major	5.0	Omitted Pronoun
4	55	1	major	5.0	Omitted Preposition
3	3	12	major	5.0	Lexical Selection
4	73	1	major	5.0	Omitted Determiner
4	84	1	major	5.0	Omitted Pronoun
3	16	11	critical	10.0	Untranslated
2	57	3	major	5.0	Under-translation
0	18	3	major	5.0	Under-translation
3	70	5	major	5.0	Lexical Selection
4	26	12	major	5.0	Word Order
4	39	1	major	5.0	Omitted Preposition
2	50	1	major	5.0	Omitted Determiner
4	157	7	critical	10.0	Untranslated
3	108	1	major	5.0	Omitted Pronoun
4	95	2	major	5.0	Wrong Preposition
4	108	13	major	5.0	Word Order
