segment_id	annotation_start	annotation_length	severity	severity_weight	category
5	51	1	major	5.0	Omitted Preposition
4	0	15	major	5.0	Lexical Selection
3	18	1	major	5.0	Omitted Determiner
5	189	1	major	5.0	Omitted Conjunction
3	160	1	major	5.0	Omitted Conjunction
6	63	12	major	5.0	Tense/Mood/Aspect
5	116	4	major	5.0	Tense/Mood/Aspect
3	27	19	major	5.0	Word Order
5	80	8	major	5.0	Lexical Selection
5	173	9	major	5.0	POS
7	90	3	major	5.0	Wrong Pronoun
5	43	8	major	5.0	Lexical Selection
7	62	8	major	5.0	Tense/Mood/Aspect
7	215	3	major	5.0	Over-translation
7	51	10	major	5.0	Word Order
2	92	10	major	5.0	Word Order
6	37	16	major	5.0	Word Order
