segment_id	annotation_start	annotation_length	severity	severity_weight	category
0 0	8 0	8 7	major	5.0	Word Order
3	85	2	major	5.0	Wrong Determiner
7	38	2	major	5.0	Wrong Determiner
6	38	4	major	5.0	Overly Literal
7	16	2	major	5.0	Wrong Determiner
3 3	38 48	2 1	major	5.0	Word Order
7	0	5	major	5.0	Lexical Selection
5 5 5	89 75 11	12 7 9	major	5.0	Inconsistency
6 3	55 26	7 11	minor	1.0	Agreement
6	117	1	major	5.0	Other POS Omitted
9	8	5	major	5.0	Overly Literal
5 5	83 43	2 11	minor	1.0	Agreement
5 5	55 65	3 1	major	5.0	Word Order
7 7	9 30	6 7	major	5.0	Inconsistency
6	37	1	major	5.0	Omitted Determiner
5 5	113 135	7 1	major	5.0	Word Order
8	45	7	major	5.0	Overly Literal
3 3	77 99	4 1	major	5.0	Word Order
9	91	2	major	5.0	Wrong Preposition
6	80	1	major	5.0	Omitted Determiner
8	86	6	major	5.0	Tense/Mood/Aspect
2 2	19 2	21 1	major	5.0	Word Order
9	74	4	major	5.0	Lexical Selection
