segment_id	annotation_start	annotation_length	severity	severity_weight	category
2	32	12	major	5.0	Addition
0	62	6	major	5.0	Overly Literal
4	37	6	major	5.0	Overly Literal
8	135	4	major	5.0	Untranslated
4 4	17 31	4 1	major	5.0	Word Order
3	72	10	minor	1.0	Overly Literal
5	58	3	major	5.0	Other POS Omitted
8 8	82 95	5 7	minor	1.0	Agreement
2	23	3	major	5.0	Wrong Preposition
3	67	1	major	5.0	Other POS Omitted
8	139	1	major	5.0	Omitted Preposition
4	25	6	minor	1.0	Lexical Selection
8	88	6	major	5.0	Shouldn't Have Been Translated
3	51	5	major	5.0	Tense/Mood/Aspect
7 7	82 74	2 1	major	5.0	Word Order
4	22	2	major	5.0	Addition
8 8	140 128	3 6	major	5.0	Word Order
8	134	1	major	5.0	Omitted Preposition
3	14	6	major	5.0	Shouldn't Have Been Translated
8 8	0 41	12 1	major	5.0	Word Order
7	75	6	major	5.0	Tense/Mood/Aspect
5	101	10	major	5.0	Addition
6 6	118 51	4 14	minor	1.0	Agreement
