segment_id	annotation_start	annotation_length	severity	severity_weight	category
7	21	9	major	5.0	Lexical Selection
5	52	3	critical	10.0	Untranslated
3	52	4	major	5.0	Lexical Selection
0	13	4	major	5.0	Word Order
2	51	3	major	5.0	Addition
7	53	7	major	5.0	Agreement
0	38	5	major	5.0	POS
4	116	4	critical	10.0	Untranslated
2	152	4	critical	10.0	Shouldn't Have Been Translated
0	23	4	critical	10.0	Shouldn't Have Been Translated
0	28	4	critical	10.0	Untranslated
0	6	6	critical	10.0	Shouldn't Have Been Translated
7	6	2	major	5.0	Addition
4	120	1	major	5.0	Omitted Preposition
2	99	1	major	5.0	Omitted Auxiliary Verb
4	34	9	major	5.0	Agreement
5	160	9	major	5.0	Lexical Selection
5	134	4	major	5.0	Wrong Preposition
6	60	2	major	5.0	Wrong Preposition
5	122	3	major	5.0	Addition
7 7	0 9	5 5	major	5.0	Word Order
3	46	5	major	5.0	Agreement
0	33	4	critical	10.0	Untranslated
4	113	2	major	5.0	Agreement
5	125	1	major	5.0	Omitted Preposition
0	44	5	major	5.0	Word Order
3	65	1	major	5.0	Omitted Preposition
2	127	4	major	5.0	Lexical Selection
4	156	7	major	5.0	Lexical Selection
2	82	4	major	5.0	POS
4	15	12	major	5.0	Lexical Selection
6	69	1	major	5.0	Other POS Omitted
2	0	7	major	5.0	Tense/Mood/Aspect
