segment_id	annotation_start	annotation_length	severity	severity_weight	category
6	240	8	major	5.0	Word Order
2	89	16	major	5.0	Word Order
6	397	1	major	5.0	Agreement
6 6	271 277	5 8	major	5.0	Word Order
4	83	5	major	5.0	Word Order
6 6	345 344	6 5	critical	10.0	Untranslated
4	130	8	major	5.0	Lexical Selection
2	12	11	critical	10.0	Shouldn't Have Been Translated
0	18	10	critical	10.0	Shouldn't Have Been Translated
6	156	15	major	5.0	Lexical Selection
5	93	1	major	5.0	Omitted Pronoun
5	71	7	major	5.0	Lexical Selection
7	28	3	critical	10.0	Untranslated
4	78	4	major	5.0	Lexical Selection
3	88	5	major	5.0	Unit Conversion
6	361	9	major	5.0	Lexical Selection
6	214	5	critical	10.0	Untranslated
3	8	5	major	5.0	Agreement
6	187	9	critical	10.0	Untranslated
4	118	1	major	5.0	Omitted Determiner
3	94	1	major	5.0	Omitted Pronoun
10	104	11	major	5.0	Agreement
6	324	5	critical	10.0	Untranslated
6	413	1	major	5.0	Omitted Determiner
2	9	2	major	5.0	Addition
4	99	1	major	5.0	Omitted Determiner
3	0	7	major	5.0	Addition
5	192	2	major	5.0	Word Order
3	115	1	major	5.0	Omitted Auxiliary Verb
6	209	5	critical	10.0	Untranslated
9	27	9	critical	10.0	Addition
7	25	2	critical	10.0	Untranslated
4	89	9	major	5.0	Lexical Selection
7	129	1	major	5.0	Omitted Determiner
10	0	1	major	5.0	Omitted Determiner
4	77	1	major	5.0	Omitted Determiner
2	172	6	major	5.0	POS
2	77	11	major	5.0	Word Order
7	152	4	major	5.0	Lexical Selection
6	318	6	critical	10.0	Untranslated
2	105	1	major	5.0	Omitted Preposition
2	57	7	critical	10.0	Shouldn't Have Been Translated
7	32	4	critical	10.0	Untranslated
2	26	30	major	5.0	Word Order
2	166	3	major	5.0	Addition
3	18	11	critical	10.0	Shouldn't Have Been Translated
6	403	8	major	5.0	Agreement
4	75	2	major	5.0	Addition
0	52	7	critical	10.0	Shouldn't Have Been Translated
2	169	2	major	5.0	Addition
9 9	19 0	7 18	major	5.0	Word Order
5	201	4	major	5.0	Lexical Selection
6	119	4	major	5.0	Wrong Preposition
2	118	1	major	5.0	Omitted Determiner
2	65	11	critical	10.0	Shouldn't Have Been Translated
6	197	6	critical	10.0	Untranslated
0	29	5	major	5.0	Word Order
0	40	11	critical	10.0	Shouldn't Have Been Translated
6	338	6	critical	10.0	Untranslated
6	379	1	major	5.0	Omitted Determiner
2	182	5	major	5.0	Addition
10	9	11	major	5.0	Lexical Selection
5	101	1	major	5.0	Omitted Conjunction
