segment_id	annotation_start	annotation_length	severity	severity_weight	category
3	27	10	major	5.0	Unit Conversion
4	74	2	major	5.0	Wrong Preposition
4	77	7	major	5.0	Tense/Mood/Aspect
3	133	5	major	5.0	Addition
5	200	1	minor	1.0	Punctuation
4	104	1	major	5.0	Omitted Conjunction
2	83	1	major	5.0	Omitted Determiner
5 5	202 193	11 7	major	5.0	Word Order
3	240	1	major	5.0	Omitted Determiner
2	78	5	major	5.0	Lexical Selection
3 3	158 132	3 1	major	5.0	Word Order
4	85	11	major	5.0	Lexical Selection
4	105	2	major	5.0	Addition
3	101	2	major	5.0	Wrong Preposition
4 4	216 220	3 7	major	5.0	Word Order
3	195	3	major	5.0	Wrong Preposition
3	139	6	major	5.0	Lexical Selection
4	108	6	major	5.0	POS
3	38	12	major	5.0	Unit Conversion
5	227	12	major	5.0	Untranslated
2 2	46 0	5 7	major	5.0	Word Order
3	54	9	major	5.0	Unit Conversion
4	170	1	major	5.0	Omitted Determiner
3 3	191 177	3 13	major	5.0	Word Order
4	196	4	major	5.0	Lexical Selection
4	15	9	major	5.0	Lexical Selection
5	221	6	major	5.0	Untranslated
5	252	3	major	5.0	Agreement
5	248	3	major	5.0	Untranslated
3	103	1	major	5.0	Omitted Determiner
4	25	8	major	5.0	Addition
4	228	6	major	5.0	Lexical Selection
5	142	9	major	5.0	Unit Conversion
5 5	60 54	9 5	major	5.0	Agreement
3	162	3	major	5.0	Wrong Preposition
3	120	9	major	5.0	Lexical Selection
3	96	4	major	5.0	Addition
5	166	27	major	5.0	Overly Literal
4	211	4	major	5.0	Addition
5	240	8	major	5.0	Untranslated
4	190	5	major	5.0	POS
