segment_id	annotation_start	annotation_length	severity	severity_weight	category
0	19	1	major	5.0	Other POS Omitted
0	20	5	major	5.0	Word Order
2	84	3	major	5.0	Agreement
2	113	6	major	5.0	Lexical Selection
2	44	1	major	5.0	Omitted Preposition
0	25	1	major	5.0	Omitted Preposition
2	19	4	critical	10.0	Untranslated
2	169	7	major	5.0	POS
2	0	1	major	5.0	Omitted Determiner
2	40	4	critical	10.0	Untranslated
2	55	1	major	5.0	Omitted Determiner
2	98	1	major	5.0	Omitted Determiner
0	26	5	critical	10.0	Untranslated
2	12	5	critical	10.0	Untranslated
2	88	5	major	5.0	Agreement
2	56	9	minor	1.0	Capitalization
2	166	2	major	5.0	Addition
2	177	5	major	5.0	POS
0	0	19	major	5.0	Word Order
