segment_id	annotation_start	annotation_length	severity	severity_weight	category
4	134	3	major	5.0	Addition
7	15	11	minor	1.0	Lexical Selection
7	234	10	major	5.0	Shouldn't Have Been Translated
3	139	1	major	5.0	Omitted Preposition
3	155	2	major	5.0	Addition
2	22	1	major	5.0	Omitted Determiner
8 8	51 62	10 8	major	5.0	Word Order
6	59	11	minor	1.0	Lexical Selection
6	91	5	minor	1.0	Lexical Selection
7	220	7	major	5.0	Lexical Selection
5	91	2	major	5.0	Wrong Preposition
3	163	1	major	5.0	Omitted Preposition
2	139	5	major	5.0	Lexical Selection
6	71	9	major	5.0	POS
3	60	9	major	5.0	Unit Conversion
4	124	9	major	5.0	Lexical Selection
5	126	8	major	5.0	Lexical Selection
6 6	135 193	48 1	major	5.0	Word Order
6	90	1	major	5.0	Omitted Preposition
8	215	3	major	5.0	Addition
7	194	9	major	5.0	False Friend
3	109	8	major	5.0	Unit Conversion
7 7	46 37	7 8	major	5.0	Word Order
0	17	10	major	5.0	Untranslated
3	131	1	major	5.0	Omitted Preposition
0 0	28 0	9 7	major	5.0	Word Order
6	184	9	major	5.0	POS
6	107	3	major	5.0	Untranslated
3	35	4	major	5.0	Wrong Preposition
8	159	1	major	5.0	Omitted Determiner
5	135	6	major	5.0	Addition
2	58	10	major	5.0	Lexical Selection
6	200	1	major	5.0	Omitted Conjunction
2	42	1	major	5.0	Omitted Determiner
7	186	2	minor	1.0	Hyphenation
8	90	3	major	5.0	Wrong Pronoun
8	187	4	major	5.0	Wrong Preposition
7	149	2	minor	1.0	Hyphenation
7	62	1	major	5.0	Omitted Auxiliary Verb
3	145	1	major	5.0	Other POS Omitted
2	144	1	major	5.0	Omitted Preposition
3	85	5	major	5.0	Unit Conversion
5	94	2	major	5.0	Addition
5	0	19	major	5.0	Overly Literal
7	215	4	major	5.0	Wrong Determiner
