segment_id	annotation_start	annotation_length	severity	severity_weight	category
7	248	5	major	5.0	Lexical Selection
3	37	5	major	5.0	Lexical Selection
4	272	1	major	5.0	Omitted Conjunction
7 7 7 7	92 277 332 316	11 14 16 15	critical	10.0	Untranslated
2	60	7	major	5.0	Lexical Selection
7	147	6	major	5.0	Lexical Selection
3	54	6	major	5.0	POS
2	90	1	major	5.0	Omitted Preposition
4	16	9	critical	10.0	Untranslated
5	95	1	major	5.0	Omitted Determiner
5	113	7	major	5.0	Lexical Selection
5	17	2	major	5.0	Wrong Preposition
3	145	9	major	5.0	Lexical Selection
7	448	1	major	5.0	Omitted Conjunction
4	189	5	major	5.0	Tense/Mood/Aspect
4	28	1	major	5.0	Omitted Determiner
9	51	10	major	5.0	Word Order
7	59	31	major	5.0	Overly Literal
9	200	1	major	5.0	Omitted Determiner
2	91	3	critical	10.0	Untranslated
7	375	4	major	5.0	Tense/Mood/Aspect
4	165	7	major	5.0	Lexical Selection
8	37	16	major	5.0	Word Order
3	64	10	critical	10.0	Untranslated
7	263	6	major	5.0	Lexical Selection
3	25	6	major	5.0	Word Order
6	23	39	major	5.0	Overly Literal
9	169	1	major	5.0	Omitted Determiner
7	0	16	major	5.0	Omitted Determiner
0	0	5	major	5.0	Lexical Selection
7	432	9	major	5.0	Word Order
5	38	7	major	5.0	Word Order
7	482	20	major	5.0	Word Order
4	273	6	major	5.0	Lexical Selection
9	90	3	major	5.0	Wrong Pronoun
7	112	10	major	5.0	Omitted Determiner
7	135	1	major	5.0	Omitted Determiner
4	266	6	major	5.0	POS
4	150	5	major	5.0	Lexical Selection
2 2	0 29	22 4	major	5.0	Word Order
5	165	4	major	5.0	Wrong Preposition
4	303	1	major	5.0	Wrong Preposition
4	292	10	major	5.0	Lexical Selection
2	23	5	major	5.0	Lexical Selection
9	159	1	major	5.0	Omitted Determiner
8	63	3	major	5.0	Tense/Mood/Aspect
