segment_id	annotation_start	annotation_length	severity	severity_weight	category
14	4	3	critical	10.0	Untranslated
11	152	4	major	5.0	Agreement
11	140	7	critical	10.0	Shouldn't Have Been Translated
8	119	8	critical	10.0	Untranslated
10	32	23	major	5.0	Word Order
12	139	1	major	5.0	Omitted Preposition
0	35	4	major	5.0	Word Order
12	64	5	major	5.0	Lexical Register
4	85	1	major	5.0	Omitted Determiner
14	215	2	major	5.0	Addition
8	143	11	major	5.0	POS
10	66	11	major	5.0	Word Order
13	124	5	major	5.0	Lexical Selection
14	83	6	critical	10.0	Untranslated
11	165	2	major	5.0	Addition
11	34	5	major	5.0	Word Order
12	58	5	major	5.0	Lexical Selection
0	40	14	major	5.0	Word Order
13	50	1	major	5.0	Omitted Determiner
8	29	14	major	5.0	Word Order
14	122	6	critical	10.0	Untranslated
13	79	3	major	5.0	POS
13	71	5	major	5.0	Addition
9	23	8	critical	10.0	Untranslated
15	11	5	major	5.0	Agreement
8	142	1	major	5.0	Other POS Omitted
13	64	6	major	5.0	Word Order
11	168	7	major	5.0	POS
9	33	7	major	5.0	Tense/Mood/Aspect
10	21	2	major	5.0	Addition
14	0	4	critical	10.0	Untranslated
15	17	8	major	5.0	Word Order
14	211	3	major	5.0	Word Order
8	128	8	major	5.0	Word Order
8	140	2	major	5.0	Addition
10	4	16	major	5.0	POS
14	159	3	major	5.0	Word Order
4	93	1	major	5.0	Omitted Determiner
12	147	4	critical	10.0	Untranslated
7	160	5	major	5.0	Lexical Selection
17	22	2	major	5.0	Unit Conversion
12	9	19	major	5.0	Word Order
6	28	7	critical	10.0	Shouldn't Have Been Translated
11	40	5	major	5.0	Tense/Mood/Aspect
10	24	7	critical	10.0	Shouldn't Have Been Translated
10	0	3	major	5.0	Agreement
5	64	7	critical	10.0	Shouldn't Have Been Translated
8	127	1	major	5.0	Omitted Determiner
2	36	7	critical	10.0	Shouldn't Have Been Translated
13	51	9	major	5.0	Lexical Selection
2	0	1	major	5.0	Omitted Determiner
14	24	8	major	5.0	POS
11	119	10	critical	10.0	Untranslated
7	166	10	major	5.0	Word Order
14	90	9	major	5.0	Lexical Selection
10	64	1	major	5.0	Wrong Preposition
8	26	2	major	5.0	Addition
8	15	10	major	5.0	POS
10	56	7	major	5.0	Word Order
13	9	4	critical	10.0	Untranslated
8	136	1	major	5.0	Omitted Preposition
4	63	1	major	5.0	Omitted Determiner
14	128	4	critical	10.0	Untranslated
12	29	8	major	5.0	Agreement
4	127	1	major	5.0	Omitted Preposition
13	3	6	critical	10.0	Untranslated
0	27	7	critical	10.0	Shouldn't Have Been Translated
11	159	5	major	5.0	Addition
9	44	7	critical	10.0	Shouldn't Have Been Translated
13	76	2	major	5.0	Addition
8	116	2	major	5.0	Wrong Pronoun
14	63	5	major	5.0	Lexical Selection
