segment_id	annotation_start	annotation_length	severity	severity_weight	category
6	32	5	major	5.0	Lexical Selection
7	377	1	major	5.0	Omitted Preposition
16	40	1	major	5.0	Other POS Omitted
29	57	9	major	5.0	Lexical Selection
8	122	6	major	5.0	Agreement
21	52	6	major	5.0	Lexical Selection
7	283	3	major	5.0	Wrong Preposition
26	86	9	major	5.0	Lexical Selection
5	62	20	major	5.0	Overly Literal
26	133	8	major	5.0	Lexical Selection
4	147	1	major	5.0	Omitted Determiner
16	48	3	major	5.0	Wrong Determiner
2	103	11	major	5.0	Tense/Mood/Aspect
7	249	5	major	5.0	Capitalization
6	190	4	critical	10.0	Untranslated
6	37	3	major	5.0	Wrong Determiner
15	32	10	major	5.0	POS
22	9	3	major	5.0	Wrong Pronoun
21	81	9	major	5.0	Overly Literal
13	114	1	major	5.0	Omitted Preposition
22	32	5	major	5.0	Lexical Selection
5	135	1	major	5.0	Omitted Determiner
7	0	7	major	5.0	Lexical Selection
28	104	16	major	5.0	Word Order
8	69	2	critical	10.0	Untranslated
22	119	3	critical	10.0	Untranslated
5	225	5	major	5.0	Lexical Selection
23	31	1	minor	1.0	Capitalization
14	80	1	major	5.0	Omitted Preposition
3	3	43	major	5.0	Word Order
16	186	8	major	5.0	Lexical Selection
7	264	2	major	5.0	Wrong Determiner
4	244	16	major	5.0	Overly Literal
10	50	16	major	5.0	Overly Literal
4	185	10	major	5.0	Lexical Selection
14	64	5	major	5.0	Lexical Selection
5	133	2	major	5.0	Wrong Preposition
21	9	2	major	5.0	Lexical Selection
9	260	16	major	5.0	Overly Literal
20	37	7	major	5.0	Tense/Mood/Aspect
5	338	6	major	5.0	Agreement
6	174	5	major	5.0	Lexical Selection
13	191	5	major	5.0	Overly Literal
6	158	16	major	5.0	Overly Literal
9	299	10	major	5.0	Overly Literal
14	37	1	major	5.0	Omitted Preposition
10	201	5	critical	10.0	Untranslated
22	112	7	critical	10.0	Untranslated
26	262	6	major	5.0	Overly Literal
7	17	8	major	5.0	Tense/Mood/Aspect
15	133	1	major	5.0	Omitted Pronoun
17	63	1	major	5.0	Capitalization
6	0	1	major	5.0	Omitted Determiner
10	236	1	major	5.0	Omitted Preposition
19	93	1	major	5.0	Omitted Preposition
13	127	1	major	5.0	Omitted Determiner
10	27	1	major	5.0	Omitted Determiner
7	214	8	critical	10.0	Untranslated
20	52	3	major	5.0	Wrong Determiner
7	129	1	major	5.0	Omitted Determiner
22	187	14	major	5.0	Overly Literal
20	56	5	major	5.0	Lexical Selection
11	50	1	major	5.0	Omitted Determiner
6	179	2	major	5.0	Agreement
9	224	1	major	5.0	Omitted Conjunction
9	247	12	major	5.0	Overly Literal
4	210	5	major	5.0	Word Order
9	281	1	major	5.0	Omitted Conjunction
10	161	1	major	5.0	Omitted Preposition
5 5	392 421	8 12	major	5.0	Overly Literal
28	93	6	major	5.0	Lexical Selection
7	267	4	critical	10.0	Untranslated
9 9	102 137	20 5	major	5.0	Word Order
9	237	5	major	5.0	Overly Literal
7	222	5	critical	10.0	Untranslated
28	66	1	major	5.0	Other POS Omitted
7	230	8	critical	10.0	Untranslated
16	195	11	major	5.0	Overly Literal
7	227	3	major	5.0	Addition
10	259	3	major	5.0	Wrong Determiner
16	0	4	major	5.0	Wrong Determiner
10	48	2	major	5.0	Wrong Determiner
20	8	6	major	5.0	Lexical Selection
12	53	2	major	5.0	Wrong Preposition
16	72	5	critical	10.0	Untranslated
22	169	6	major	5.0	Lexical Selection
7	198	3	critical	10.0	Untranslated
7	254	9	critical	10.0	Untranslated
29	44	2	major	5.0	Wrong Preposition
15	10	21	major	5.0	Word Order
11	100	1	major	5.0	Omitted Determiner
26	50	3	critical	10.0	Untranslated
13	212	2	major	5.0	Wrong Preposition
10	196	1	major	5.0	Omitted Determiner
2 2	3 51	32 6	major	5.0	Word Order
5	388	3	major	5.0	Wrong Determiner
8	60	1	major	5.0	Omitted Preposition
4	116	1	major	5.0	Omitted Determiner
20	179	1	major	5.0	Omitted Preposition
16	125	34	major	5.0	Overly Literal
22	39	3	major	5.0	Wrong Pronoun
6	183	1	major	5.0	Omitted Determiner
4	11	9	major	5.0	Overly Literal
15	110	4	major	5.0	Wrong Preposition
11	51	7	major	5.0	Lexical Selection
17	214	10	major	5.0	Lexical Selection
17	0	1	major	5.0	Omitted Determiner
8	61	2	major	5.0	Wrong Determiner
7	181	1	major	5.0	Omitted Determiner
5	211	5	major	5.0	Agreement
15	9	1	major	5.0	Omitted Determiner
14	100	1	major	5.0	Omitted Determiner
7	173	1	major	5.0	Omitted Determiner
25	39	13	major	5.0	Lexical Selection
8	173	1	minor	1.0	Punctuation
29	69	1	major	5.0	Omitted Determiner
18	0	1	major	5.0	Omitted Determiner
13	44	1	major	5.0	Omitted Determiner
26	235	6	major	5.0	Agreement
20	128	18	major	5.0	Overly Literal
7	238	10	major	5.0	Word Order
16	67	5	critical	10.0	Untranslated
18	60	11	major	5.0	Lexical Selection
4	148	5	major	5.0	Lexical Selection
26	76	2	major	5.0	Wrong Preposition
8	174	1	major	5.0	Omitted Pronoun
12 12	9 92	6 6	major	5.0	Agreement
6	194	3	minor	1.0	Capitalization
7	166	5	major	5.0	Lexical Selection
6	104	4	critical	10.0	Untranslated
7	394	10	critical	10.0	Untranslated
20	189	1	major	5.0	Omitted Conjunction
19	91	2	major	5.0	Wrong Determiner
13	184	5	major	5.0	Overly Literal
25	28	7	major	5.0	Lexical Selection
10	206	3	critical	10.0	Untranslated
24	142	13	major	5.0	Overly Literal
6	184	5	major	5.0	Lexical Selection
26	224	6	major	5.0	Lexical Selection
27	61	1	major	5.0	Other POS Omitted
13	177	1	major	5.0	Omitted Determiner
13	27	6	major	5.0	Agreement
26	56	1	major	5.0	Omitted Conjunction
11	37	1	major	5.0	Omitted Preposition
9	131	5	major	5.0	Lexical Selection
11	137	12	major	5.0	Overly Literal
10	85	4	major	5.0	POS
21	105	5	major	5.0	Agreement
23	4	1	major	5.0	Omitted Determiner
7	201	12	critical	10.0	Untranslated
12	46	6	major	5.0	Lexical Selection
29	22	1	major	5.0	Omitted Preposition
6	99	4	critical	10.0	Untranslated
9	29	18	major	5.0	Overly Literal
13	63	5	major	5.0	Lexical Selection
20	15	9	major	5.0	Lexical Selection
10	28	16	major	5.0	Overly Literal
5	378	6	major	5.0	Lexical Selection
10	90	2	major	5.0	Wrong Preposition
20	206	3	major	5.0	Wrong Preposition
2	72	8	major	5.0	Agreement
9	277	4	major	5.0	Wrong Preposition
28	39	1	major	5.0	Omitted Conjunction
6	53	11	major	5.0	Lexical Selection
8	52	8	major	5.0	Tense/Mood/Aspect
7	271	11	critical	10.0	Untranslated
13	34	10	major	5.0	Lexical Selection
5	273	1	major	5.0	Omitted Determiner
24	40	20	major	5.0	Overly Literal
26	0	5	major	5.0	Unidiomatic
18	38	5	major	5.0	Lexical Selection
20	99	5	major	5.0	Lexical Selection
25	82	18	major	5.0	Lexical Selection
20	149	5	major	5.0	Lexical Selection
17	109	10	major	5.0	Agreement
21	65	3	major	5.0	Wrong Pronoun
9	282	2	major	5.0	Wrong Preposition
8	64	5	critical	10.0	Untranslated
19	80	10	major	5.0	Lexical Selection
2	0	2	major	5.0	Wrong Determiner
7	148	16	major	5.0	Punctuation
26	274	1	major	5.0	Omitted Determiner
21	69	11	major	5.0	Lexical Selection
28	58	4	major	5.0	Wrong Pronoun
17	163	7	major	5.0	Agreement
25	22	5	major	5.0	POS
13	70	13	major	5.0	POS
5	434	6	major	5.0	Agreement
21	14	1	major	5.0	Omitted Preposition
24	94	15	major	5.0	Overly Literal
11	25	12	major	5.0	Word Order
10	197	3	major	5.0	Word Order
16	83	7	major	5.0	Agreement
14	101	21	major	5.0	Word Order
22	104	1	major	5.0	Omitted Determiner
22	123	9	major	5.0	Overly Literal
24	142	13	major	5.0	Overly Literal
28	52	1	major	5.0	Other POS Omitted
21	12	2	major	5.0	Word Order
10	237	1	major	5.0	Omitted Determiner
16	215	16	major	5.0	Overly Literal
18	48	5	major	5.0	Agreement
26	96	18	major	5.0	Lexical Selection
19	0	16	major	5.0	Overly Literal
15	93	16	major	5.0	Overly Literal
13	166	2	major	5.0	Wrong Preposition
13	54	8	major	5.0	Lexical Selection
14	38	25	major	5.0	Word Order
13	91	12	major	5.0	Overly Literal
3	0	2	major	5.0	Wrong Determiner
21	15	6	major	5.0	Word Order
0	38	2	minor	1.0	Wrong Preposition
26	47	2	major	5.0	Wrong Preposition
26	273	1	major	5.0	Omitted Preposition
20	55	1	major	5.0	Omitted Preposition
16	164	4	major	5.0	Wrong Pronoun
10	222	13	major	5.0	Agreement
14	91	8	major	5.0	Lexical Selection
20 20	45 62	6 5	major	5.0	Word Order
9	143	32	major	5.0	Word Order
6	41	7	major	5.0	Word Order
7	336	28	major	5.0	Overly Literal
29	67	2	major	5.0	Wrong Preposition
0	0	37	major	5.0	Word Order
2	85	1	major	5.0	Omitted Conjunction
