segment_id	annotation_start	annotation_length	severity	severity_weight	category
4	440	10	minor	1.0	Whitespace
4	546	4	major	5.0	Lexical Selection
4	498	7	minor	1.0	Whitespace
4	386	3	critical	10.0	Lexical Selection
4	378	7	major	5.0	Agreement
4	530	15	minor	1.0	Whitespace
3	289	7	major	5.0	Agreement
4	567	4	critical	10.0	Untranslated
4 4	427 417	7 9	major	5.0	Word Order
4	416	1	minor	1.0	Punctuation
2	77	2	major	5.0	Addition
4	138	3	major	5.0	Agreement
4	314	1	major	5.0	Omitted Preposition
4	462	6	major	5.0	Lexical Selection
2	135	1	major	5.0	Omitted Auxiliary Verb
4	369	1	major	5.0	Omitted Determiner
4	198	1	major	5.0	Omitted Preposition
4	351	18	minor	1.0	Whitespace
0 0	12 38	4 10	critical	10.0	Shouldn't Have Been Translated
2	53	7	major	5.0	Word Order
4	426	1	major	5.0	Omitted Determiner
2 2	3 61	45 9	critical	10.0	Shouldn't Have Been Translated
4	14	7	critical	10.0	Untranslated
4	141	1	critical	10.0	Other POS Omitted
4	512	1	major	5.0	Other POS Omitted
3	395	1	major	5.0	Omitted Determiner
4	253	12	minor	1.0	Whitespace
3	369	7	critical	10.0	Untranslated
4	167	12	minor	1.0	Whitespace
2 2	94 80	16 13	critical	10.0	Word Order
4	505	7	major	5.0	Word Order
3	377	3	major	5.0	Lexical Selection
2	76	1	major	5.0	Omitted Determiner
2	111	1	major	5.0	Omitted Determiner
3	403	1	major	5.0	Omitted Preposition
4	551	15	minor	1.0	Whitespace
2	49	3	major	5.0	Lexical Selection
