segment_id	annotation_start	annotation_length	severity	severity_weight	category
2	72	12	critical	10.0	Shouldn't Have Been Translated
7 7	0 18	6 8	critical	10.0	Shouldn't Have Been Translated
8	85	7	major	5.0	Lexical Selection
7	118	16	major	5.0	Word Order
8	15	1	major	5.0	Under-translation
2	38	4	critical	10.0	Untranslated
3	58	8	major	5.0	POS
4	95	14	major	5.0	Overly Literal
9	134	2	major	5.0	Wrong Preposition
6	41	13	critical	10.0	Shouldn't Have Been Translated
0	15	6	critical	10.0	Shouldn't Have Been Translated
5	4	26	critical	10.0	Shouldn't Have Been Translated
5	37	1	major	5.0	Omitted Preposition
3	26	19	major	5.0	Word Order
3	71	1	major	5.0	Omitted Determiner
10	48	3	critical	10.0	Untranslated
6	54	8	major	5.0	Word Order
6	103	1	major	5.0	Omitted Preposition
4	20	20	major	5.0	Word Order
3	12	13	major	5.0	Overly Literal
5	0	4	major	5.0	Lexical Selection
15	29	4	major	5.0	Lexical Selection
0	0	14	critical	10.0	Shouldn't Have Been Translated
12	0	4	critical	10.0	Untranslated
6	40	1	major	5.0	Omitted Determiner
5	73	1	major	5.0	Omitted Preposition
8	147	12	critical	10.0	Shouldn't Have Been Translated
12	8	4	critical	10.0	Untranslated
