segment_id	annotation_start	annotation_length	severity	severity_weight	category
4	74	1	major	5.0	Wrong Preposition
4	542	27	major	5.0	Word Order
4	172	9	major	5.0	Word Order
4	245	21	major	5.0	Lexical Selection
5	270	1	major	5.0	Omitted Determiner
4	49	1	major	5.0	Omitted Determiner
4	349	9	critical	10.0	Untranslated
5	257	1	major	5.0	Omitted Determiner
3	16	11	major	5.0	Untranslated
4 4	305 330	9 14	critical	10.0	Untranslated
4	200	9	major	5.0	Agreement
7	71	1	major	5.0	Punctuation
6	120	4	major	5.0	Lexical Selection
4	116	47	major	5.0	Word Order
3	27	1	major	5.0	Omitted Pronoun
3	70	5	major	5.0	Lexical Selection
4	229	13	major	5.0	Untranslated
2	50	1	major	5.0	Omitted Determiner
4	164	7	critical	10.0	Untranslated
4	379	14	critical	10.0	Untranslated
7	132	1	major	5.0	Omitted Preposition
4	66	8	major	5.0	Agreement
5	91	24	major	5.0	Word Order
7	51	12	major	5.0	Omitted Preposition
7	112	5	major	5.0	Omitted Preposition
4	291	4	critical	10.0	Untranslated
4	78	2	major	5.0	Wrong Preposition
6	99	8	major	5.0	Lexical Selection
5	223	8	major	5.0	Omitted Determiner
7	72	20	major	5.0	Word Order
7	233	2	major	5.0	Over-translation
7	93	1	major	5.0	Omitted Preposition
6	71	14	major	5.0	Word Order
4	91	1	major	5.0	Omitted Determiner
4	102	1	major	5.0	Omitted Pronoun
