segment_id	annotation_start	annotation_length	severity	severity_weight	category
6	0	6	major	5.0	Omitted Determiner
0 0	41 0	8 1	major	5.0	Word Order
7	17	10	minor	1.0	False Friend
7	194	3	major	5.0	Untranslated
7	221	1	major	5.0	Other POS Omitted
6 6	123 132	3 9	major	5.0	Word Order
5 5	46 8	2 7	minor	1.0	Agreement
0	58	6	major	5.0	Addition
2 2	100 73	7 1	major	5.0	Word Order
3	56	9	major	5.0	Shouldn't Have Been Translated
9 9	25 0	7 8	minor	1.0	Agreement
2 2	83 99	7 1	major	5.0	Word Order
3	75	4	major	5.0	Untranslated
2	0	7	major	5.0	Under-translation
3 3	80 45	11 7	minor	1.0	Agreement
2	26	1	major	5.0	Omitted Determiner
4 4	222 215	6 5	minor	1.0	Agreement
7	287	1	major	5.0	Omitted Conjunction
0	64	7	minor	1.0	Lexical Selection
4 4	208 220	1 1	major	5.0	Word Order
7	34	4	major	5.0	Untranslated
3	124	9	minor	1.0	False Friend
9	187	12	major	5.0	Overly Literal
7	271	9	major	5.0	Addition
2	60	5	major	5.0	False Friend
8 8	125 131	5 10	minor	1.0	Agreement
3 3	186 175	7 10	major	5.0	Word Order
3	203	8	major	5.0	False Friend
7	178	5	major	5.0	Lexical Selection
4	109	7	major	5.0	Addition
3	185	1	major	5.0	Omitted Preposition
7	214	4	major	5.0	Tense/Mood/Aspect
4	60	6	major	5.0	Lexical Selection
0	22	7	major	5.0	Shouldn't Have Been Translated
7	28	5	major	5.0	False Friend
6	131	1	minor	1.0	Hyphenation
8 8	46 37	7 8	major	5.0	Word Order
2	91	2	major	5.0	Wrong Preposition
7	206	7	major	5.0	Untranslated
5	100	7	major	5.0	Lexical Selection
8	231	3	major	5.0	Wrong Determiner
7 7	79 59	7 2	major	5.0	Word Order
