segment_id	annotation_start	annotation_length	severity	severity_weight	category
2 2	23 57	17 1	major	5.0	Word Order
2	96	1	major	5.0	Omitted Preposition
2	123	1	minor	1.0	Hyphenation
0	35	9	minor	1.0	Capitalization
0	19	1	minor	1.0	Hyphenation
0	48	3	minor	1.0	Omitted Determiner
2 2	116 124	7 3	major	5.0	Word Order
2	72	10	minor	1.0	Lexical Selection
2 2	70 82	1 1	major	5.0	Word Order
0	34	1	major	5.0	Other POS Omitted
2	83	3	major	5.0	Shouldn't Have Been Translated
2	0	5	major	5.0	Shouldn't Have Been Translated
0	20	5	major	5.0	Lexical Selection
2	86	1	major	5.0	Other POS Omitted
2	87	8	minor	1.0	Lexical Selection
2	182	1	major	5.0	Omitted Preposition
2 2	49 40	8 1	major	5.0	Word Order
2	66	3	major	5.0	Wrong Determiner
2 2	137 114	9 2	major	5.0	Word Order
2	128	8	major	5.0	Lexical Selection
0 0	67 74	6 8	major	5.0	Word Order
