segment_id	annotation_start	annotation_length	severity	severity_weight	category
3	21	2	major	5.0	Addition
3	29	7	major	5.0	Lexical Selection
2	33	1	major	5.0	Omitted Determiner
0	26	5	major	5.0	Word Order
2	26	5	major	5.0	Word Order
3	24	4	major	5.0	POS
2	69	5	major	5.0	Word Order
3	71	7	major	5.0	Lexical Selection
2	62	3	major	5.0	Word Order
3	61	1	major	5.0	Omitted Preposition
2	66	2	major	5.0	Agreement
3	23	1	major	5.0	Omitted Determiner
3	79	3	major	5.0	Wrong Preposition
3	66	5	major	5.0	Wrong Preposition
2	20	5	major	5.0	POS
0	20	5	major	5.0	POS
3 3	56 46	5 9	major	5.0	Word Order
2	0	1	major	5.0	Omitted Determiner
3	37	5	major	5.0	POS
3	45	1	major	5.0	Omitted Determiner
3	119	1	critical	10.0	Other POS Omitted
3	83	6	major	5.0	Lexical Selection
