segment_id	annotation_start	annotation_length	severity	severity_weight	category
0 0	38 10	6 1	major	5.0	Word Order
0	45	7	major	5.0	Untranslated
4	290	7	minor	1.0	Overly Literal
3	152	2	major	5.0	Wrong Preposition
4	36	4	minor	1.0	Diacritics
4	210	4	major	5.0	Untranslated
2	15	1	major	5.0	Omitted Preposition
3	12	7	major	5.0	Shouldn't Have Been Translated
2	42	1	major	5.0	Other POS Omitted
3	92	4	major	5.0	Addition
5 5	146 127	9 2	major	5.0	Word Order
5	137	4	major	5.0	Untranslated
5	129	8	major	5.0	Untranslated
2	66	8	minor	1.0	Lexical Selection
3	124	11	major	5.0	Lexical Selection
4 4	341 255	2 7	minor	1.0	Agreement
4	318	1	major	5.0	Omitted Preposition
3	49	4	major	5.0	Shouldn't Have Been Translated
2 2	24 6	2 1	major	5.0	Word Order
4 4 4	198 215 232	11 11 8	minor	1.0	Agreement
2 2	27 0	15 1	major	5.0	Word Order
2	43	2	major	5.0	Wrong Preposition
