segment_id	annotation_start	annotation_length	severity	severity_weight	category
2 2	230 165	12 19	critical	10.0	Untranslated
2	19	1	major	5.0	Omitted Pronoun
2 2	52 74	10 8	major	5.0	Word Order
2 2	293 315	13 18	critical	10.0	Untranslated
2	101	7	major	5.0	Lexical Selection
2	140	25	major	5.0	Word Order
2	83	10	critical	10.0	Untranslated
2	385	9	major	5.0	Unidiomatic
2	66	7	major	5.0	Shouldn't Have Been Translated
2	192	1	major	5.0	Omitted Determiner
0	0	7	major	5.0	Shouldn't Have Been Translated
2	20	8	major	5.0	Lexical Selection
2	111	25	major	5.0	Word Order
2	334	19	major	5.0	Overly Literal
