segment_id	annotation_start	annotation_length	severity	severity_weight	category
2	786	4	major	5.0	Word Order
2	289	5	major	5.0	Word Order
2	20	2	major	5.0	Addition
2	219	6	major	5.0	Lexical Selection
2	299	2	major	5.0	Unit Conversion
2	126	9	major	5.0	Lexical Selection
2	429	12	major	5.0	Unit Conversion
2	950	2	major	5.0	Unit Conversion
2	944	2	major	5.0	Unit Conversion
2	536	3	critical	10.0	Untranslated
2 2	91 98	6 10	major	5.0	Word Order
2	226	3	major	5.0	Lexical Selection
2	540	12	major	5.0	Unit Conversion
2	831	2	major	5.0	Unit Conversion
2	145	1	major	5.0	Omitted Determiner
2	253	1	major	5.0	Omitted Determiner
2 2	64 51	26 12	major	5.0	Word Order
2	151	7	critical	10.0	Untranslated
2	650	3	major	5.0	Untranslated
2	143	1	major	5.0	Other POS Omitted
2	421	3	critical	10.0	Untranslated
2	1002	12	major	5.0	Unit Conversion
2	218	1	major	5.0	Omitted Determiner
2	114	4	major	5.0	Agreement
2	90	1	major	5.0	Omitted Determiner
2	530	5	major	5.0	Lexical Selection
2	479	2	major	5.0	Unit Conversion
2	888	12	major	5.0	Unit Conversion
2	654	12	major	5.0	Unit Conversion
2	1015	4	major	5.0	Word Order
2	763	5	major	5.0	Lexical Selection
2	415	5	major	5.0	Word Order
2	711	2	major	5.0	Unit Conversion
2	773	12	major	5.0	Unit Conversion
2	119	2	major	5.0	Agreement
2	366	2	major	5.0	Unit Conversion
2	257	2	major	5.0	Unit Conversion
2	198	4	major	5.0	Lexical Selection
2	644	5	major	5.0	Word Order
2	328	3	major	5.0	Word Order
2	667	4	major	5.0	Word Order
2	190	2	major	5.0	Agreement
2	913	5	major	5.0	Lexical Selection
2	327	1	major	5.0	Omitted Determiner
2	706	2	major	5.0	Unit Conversion
2	135	1	major	5.0	Omitted Determiner
2 2	37 23	13 13	major	5.0	Word Order
2	594	2	major	5.0	Unit Conversion
2	826	2	major	5.0	Unit Conversion
