segment_id	annotation_start	annotation_length	severity	severity_weight	category
6	416	8	major	5.0	Word Order
6	453	5	major	5.0	Agreement
18	166	2	major	5.0	Wrong Determiner
22	150	2	major	5.0	Wrong Pronoun
30	76	1	major	5.0	Omitted Pronoun
3	114	4	major	5.0	Lexical Selection
10	57	4	major	5.0	Lexical Selection
6	48	7	major	5.0	Lexical Selection
6	335	7	major	5.0	Lexical Selection
17	44	1	major	5.0	Other POS Omitted
13	85	8	major	5.0	Word Order
16	133	1	major	5.0	Other POS Omitted
28	45	1	major	5.0	Punctuation
21	285	2	major	5.0	Wrong Preposition
26	69	1	major	5.0	Omitted Pronoun
9	149	1	major	5.0	Omitted Conjunction
15	109	1	major	5.0	Wrong Auxiliary Verb
7	139	4	critical	10.0	Untranslated
13	169	4	critical	10.0	Untranslated
13	56	6	major	5.0	Number
3	71	1	major	5.0	Omitted Determiner
9	181	3	major	5.0	Wrong Conjunction
7	155	10	major	5.0	Word Order
25	43	4	major	5.0	Agreement
20	18	8	major	5.0	POS
9	77	9	major	5.0	Lexical Selection
17	45	3	major	5.0	Capitalization
6	13	7	major	5.0	Lexical Selection
16	34	2	major	5.0	Wrong Preposition
6	279	5	major	5.0	Lexical Selection
13	251	3	major	5.0	Wrong Conjunction
28	65	8	major	5.0	Lexical Selection
6	304	16	major	5.0	Lexical Selection
10	104	1	major	5.0	Omitted Pronoun
2	45	15	major	5.0	Word Order
26	160	8	critical	10.0	Untranslated
31	179	1	major	5.0	Omitted Preposition
10	133	5	major	5.0	Agreement
16	147	1	major	5.0	Other POS Omitted
23 24	54 20	3 5	major	5.0	Agreement
29	73	8	major	5.0	Word Order
32	78	7	major	5.0	Lexical Selection
13	0	1	major	5.0	Omitted Determiner
10	103	1	major	5.0	Omitted Preposition
8	134	1	major	5.0	Omitted Determiner
6	285	3	major	5.0	Wrong Conjunction
7	147	8	critical	10.0	Untranslated
7	245	11	major	5.0	Word Order
32	189	2	major	5.0	Wrong Pronoun
13	262	1	major	5.0	Other POS Omitted
22	153	3	major	5.0	Agreement
21	26	1	major	5.0	Omitted Preposition
31	205	3	critical	10.0	Untranslated
22	126	10	major	5.0	Lexical Selection
29	35	2	major	5.0	Wrong Preposition
6	242	11	major	5.0	Lexical Selection
17	0	1	major	5.0	Omitted Determiner
7	229	15	major	5.0	Word Order
25	59	2	major	5.0	Wrong Preposition
17	26	5	major	5.0	Agreement
24	27	9	major	5.0	POS
31	163	1	major	5.0	Omitted Preposition
7	217	3	major	5.0	Untranslated
24	26	1	major	5.0	Wrong Preposition
13	237	13	major	5.0	Lexical Selection
7	244	1	major	5.0	Omitted Determiner
24	102	6	major	5.0	Word Order
3	30	9	major	5.0	Shouldn't Have Been Translated
32	77	1	major	5.0	Omitted Conjunction
29	23	3	major	5.0	Agreement
9	66	6	major	5.0	Lexical Selection
6	0	1	major	5.0	Other POS Omitted
13	62	5	major	5.0	Word Order
31	196	7	major	5.0	Word Order
29	83	5	major	5.0	Lexical Selection
16	141	6	major	5.0	POS
7	193	4	major	5.0	Word Order
9	113	1	major	5.0	Omitted Determiner
15	136	6	major	5.0	Agreement
22	157	7	major	5.0	Agreement
26	7	11	major	5.0	POS
7	303	9	critical	10.0	Untranslated
22	107	1	major	5.0	Omitted Determiner
31	104	11	major	5.0	POS
20	54	1	major	5.0	Omitted Preposition
4	79	7	major	5.0	POS
18	163	2	major	5.0	Wrong Preposition
8	0	12	major	5.0	Overly Literal
15	63	4	major	5.0	Wrong Preposition
7	220	8	critical	10.0	Untranslated
21	0	11	major	5.0	POS
6	413	2	major	5.0	Wrong Determiner
31	247	3	major	5.0	Wrong Conjunction
6	440	4	major	5.0	Lexical Selection
13	143	8	major	5.0	Lexical Selection
32	29	1	major	5.0	Omitted Determiner
3	43	4	critical	10.0	Untranslated
22	57	11	major	5.0	POS
3	64	1	major	5.0	Omitted Determiner
31	209	8	critical	10.0	Untranslated
9	146	3	major	5.0	Wrong Preposition
19	38	11	major	5.0	POS
13	30	8	major	5.0	Lexical Selection
2	112	11	major	5.0	Word Order
3	0	1	major	5.0	Wrong Preposition
9	121	14	major	5.0	Lexical Selection
18	81	2	major	5.0	Wrong Preposition
13	323	1	major	5.0	Omitted Preposition
7	165	1	major	5.0	Omitted Determiner
30	65	8	major	5.0	Lexical Selection
7	144	2	major	5.0	Lexical Selection
21	15	5	major	5.0	Lexical Selection
16	68	4	major	5.0	Lexical Selection
6	24	9	major	5.0	Shouldn't Have Been Translated
21	147	13	major	5.0	Unidiomatic
13	99	6	major	5.0	Agreement
25	67	11	major	5.0	Agreement
11	54	3	major	5.0	Orthography
20	50	4	critical	10.0	Untranslated
14	43	5	major	5.0	Wrong Conjunction
10 10	138 149	1 1	major	5.0	Omitted Preposition
12	110	17	major	5.0	Overly Literal
32	144	1	major	5.0	Omitted Conjunction
3	113	1	major	5.0	Omitted Determiner
23	27	4	major	5.0	POS
6	378	1	major	5.0	Omitted Determiner
9	209	7	major	5.0	Tense/Mood/Aspect
29	63	1	major	5.0	Omitted Determiner
7	171	6	critical	10.0	Untranslated
5	164	23	major	5.0	Overly Literal
10	50	1	major	5.0	Omitted Conjunction
18	83	1	major	5.0	Omitted Determiner
12	151	6	major	5.0	POS
12	129	12	major	5.0	Lexical Selection
18	177	4	major	5.0	Wrong Preposition
8	63	2	major	5.0	Omitted Determiner
9	139	1	major	5.0	Omitted Determiner
3	62	1	major	5.0	Omitted Determiner
23	86	16	major	5.0	Agreement
25	62	3	major	5.0	POS
11	32	6	major	5.0	Lexical Selection
13	93	5	major	5.0	Lexical Selection
32	145	4	major	5.0	Wrong Preposition
16	24	9	major	5.0	Lexical Selection
16	86	10	major	5.0	Lexical Selection
31	186	9	major	5.0	Agreement
6	395	6	major	5.0	Wrong Preposition
13	106	5	major	5.0	Lexical Selection
9	140	6	major	5.0	POS
9	118	3	critical	10.0	Untranslated
7	131	8	critical	10.0	Untranslated
31	217	2	critical	10.0	Untranslated
9	135	4	major	5.0	Wrong Conjunction
32	174	10	major	5.0	POS
10	160	7	major	5.0	Word Order
7	108	9	major	5.0	Lexical Selection
25	13	1	major	5.0	Punctuation
26	129	3	major	5.0	Wrong Preposition
4	59	19	major	5.0	Overly Literal
16	107	3	major	5.0	Wrong Preposition
31	219	9	major	5.0	Lexical Selection
8	140	6	major	5.0	Agreement
20	44	3	critical	10.0	Untranslated
24	109	4	major	5.0	Agreement
27	0	1	major	5.0	Omitted Determiner
15	31	2	major	5.0	Wrong Preposition
30	147	6	major	5.0	Overly Literal
7	166	5	major	5.0	Word Order
25	79	4	major	5.0	Word Order
4	87	8	major	5.0	Lexical Selection
13	53	2	major	5.0	Wrong Determiner
26	154	6	critical	10.0	Untranslated
27	23	8	major	5.0	Tense/Mood/Aspect
10	129	3	major	5.0	Wrong Preposition
2	29	15	major	5.0	Overly Literal
16	148	3	major	5.0	Capitalization
2	84	11	major	5.0	Overly Literal
30	154	15	major	5.0	Overly Literal
13	216	1	major	5.0	Omitted Determiner
29	64	6	major	5.0	Word Order
5	0	1	major	5.0	Other POS Omitted
7	130	1	major	5.0	Punctuation
32	58	3	major	5.0	Wrong Pronoun
9	87	4	major	5.0	Wrong Preposition
13	214	2	major	5.0	Wrong Preposition
21	64	10	major	5.0	Tense/Mood/Aspect
13	324	1	major	5.0	Omitted Determiner
25	78	1	major	5.0	Omitted Determiner
30	63	1	major	5.0	Omitted Pronoun
18	69	11	major	5.0	POS
17	49	12	major	5.0	Overly Literal
21	61	2	major	5.0	Wrong Pronoun
6	372	6	major	5.0	Lexical Selection
13	193	5	major	5.0	Lexical Selection
7	211	5	major	5.0	Lexical Selection
4	118	6	major	5.0	Lexical Selection
22	75	4	major	5.0	Lexical Selection
21	27	1	major	5.0	Omitted Determiner
29	61	2	major	5.0	Wrong Preposition
14	21	20	major	5.0	Overly Literal
24	37	3	major	5.0	Wrong Determiner
18	182	4	major	5.0	Lexical Selection
9	114	4	major	5.0	Untranslated
20	47	3	critical	10.0	Untranslated
7	60	1	major	5.0	Omitted Determiner
