segment_id	annotation_start	annotation_length	severity	severity_weight	category
3	534	8	major	5.0	Lexical Selection
3	356	6	critical	10.0	Untranslated
3	143	1	major	5.0	Omitted Determiner
3	384	6	critical	10.0	Untranslated
3	3	7	major	5.0	Word Order
3	556	4	major	5.0	Agreement
3	223	4	major	5.0	Word Order
3	391	7	major	5.0	Overly Literal
3	244	12	major	5.0	Overly Literal
3	570	10	major	5.0	POS
3	159	13	major	5.0	Lexical Selection
3	417	7	major	5.0	Lexical Selection
0	24	5	major	5.0	Untranslated
2	18	6	major	5.0	Lexical Selection
3	435	8	major	5.0	Lexical Selection
2	9	1	major	5.0	Other POS Omitted
3	430	4	major	5.0	Word Order
3	456	11	major	5.0	Lexical Selection
3	547	8	critical	10.0	Untranslated
3	309	13	major	5.0	Overly Literal
3	138	4	critical	10.0	Untranslated
3	526	7	major	5.0	Lexical Selection
3	29	3	major	5.0	Word Order
3	0	3	major	5.0	Wrong Determiner
3	194	6	minor	1.0	Overly Literal
3	17	3	major	5.0	Untranslated
3	152	6	critical	10.0	Untranslated
3	345	10	major	5.0	Overly Literal
3	592	7	major	5.0	Capitalization
3	561	8	critical	10.0	Untranslated
3	158	1	major	5.0	Omitted Determiner
3	581	7	major	5.0	Word Order
0	30	3	major	5.0	Untranslated
3	144	7	major	5.0	Word Order
3	486	8	major	5.0	Lexical Selection
3	446	9	major	5.0	POS
3	471	5	major	5.0	Lexical Selection
3	272	6	major	5.0	Lexical Selection
3	477	6	critical	10.0	Untranslated
3	215	7	major	5.0	Lexical Selection
3	400	15	major	5.0	Overly Literal
3	11	5	major	5.0	Untranslated
2	35	7	major	5.0	Lexical Selection
3	331	10	major	5.0	Lexical Selection
3	208	1	major	5.0	Omitted Determiner
3	209	6	major	5.0	Lexical Selection
2	10	5	major	5.0	Overly Literal
