segment_id	annotation_start	annotation_length	severity	severity_weight	category
0	0	8	critical	10.0	Shouldn't Have Been Translated
2	35	7	major	5.0	POS
2	23	1	major	5.0	Omitted Preposition
0	9	2	major	5.0	Addition
0	41	10	major	5.0	Word Order
2	53	2	major	5.0	Addition
0	12	4	critical	10.0	Shouldn't Have Been Translated
0	36	4	major	5.0	Lexical Selection
2	0	4	major	5.0	Lexical Selection
0	23	12	major	5.0	Lexical Selection
2 2	5 16	10 7	major	5.0	Word Order
2	4	1	major	5.0	Omitted Preposition
2	43	9	major	5.0	POS
