segment_id	annotation_start	annotation_length	severity	severity_weight	category
2	96	1	major	5.0	Wrong Preposition
4	25	5	major	5.0	Tense/Mood/Aspect
5	11	7	major	5.0	Tense/Mood/Aspect
2	81	1	major	5.0	Wrong Preposition
5	0	10	major	5.0	Word Order
4	30	1	major	5.0	Omitted Determiner
5	33	12	major	5.0	POS
4	65	6	critical	10.0	Untranslated
2	19	1	major	5.0	Omitted Preposition
4	71	5	critical	10.0	Untranslated
4	13	4	critical	10.0	Untranslated
0	28	6	major	5.0	Word Order
2	98	7	major	5.0	Tense/Mood/Aspect
0	23	4	critical	10.0	Untranslated
3	21	6	critical	10.0	Untranslated
2	31	7	major	5.0	Agreement
4	17	1	major	5.0	Omitted Determiner
4	6	6	critical	10.0	Untranslated
2	49	6	major	5.0	Lexical Selection
5	32	1	major	5.0	Omitted Preposition
2	82	1	major	5.0	Omitted Auxiliary Verb
2	42	4	major	5.0	Lexical Selection
0	16	6	critical	10.0	Untranslated
4	0	5	major	5.0	Word Order
5	62	6	critical	10.0	Untranslated
5	68	4	critical	10.0	Untranslated
2	97	1	major	5.0	Omitted Auxiliary Verb
5	46	7	major	5.0	Word Order
3	27	4	critical	10.0	Untranslated
4	18	6	major	5.0	Word Order
4	77	21	major	5.0	Word Order
2	83	9	major	5.0	Tense/Mood/Aspect
