segment_id	annotation_start	annotation_length	severity	severity_weight	category
10	203	4	major	5.0	Wrong Preposition
10	43	7	critical	10.0	Shouldn't Have Been Translated
5	78	8	major	5.0	Tense/Mood/Aspect
0	0	7	critical	10.0	Shouldn't Have Been Translated
7	116	6	major	5.0	Lexical Selection
4	24	10	major	5.0	Agreement
3	28	1	major	5.0	Omitted Preposition
8	108	2	major	5.0	Wrong Preposition
3	3	6	major	5.0	Lexical Selection
8	336	1	major	5.0	Omitted Preposition
3	66	2	major	5.0	Wrong Determiner
4	90	8	critical	10.0	Untranslated
8	440	34	major	5.0	Word Order
4	98	8	critical	10.0	Untranslated
8	17	12	critical	10.0	Shouldn't Have Been Translated
3	107	1	major	5.0	Punctuation
3	41	2	major	5.0	Addition
4	128	5	major	5.0	Addition
3	21	1	major	5.0	Omitted Preposition
8	111	6	major	5.0	Tense/Mood/Aspect
6	98	9	major	5.0	Wrong Conjunction
8	0	13	major	5.0	Lexical Selection
0	27	1	major	5.0	Omitted Preposition
10	180	2	major	5.0	Addition
3	134	1	major	5.0	Omitted Determiner
8	198	1	major	5.0	Omitted Preposition
4	23	1	major	5.0	Omitted Determiner
0	28	10	minor	1.0	Capitalization
2	110	6	major	5.0	Unit Conversion
4	35	6	major	5.0	Word Order
4	261	1	major	5.0	Omitted Determiner
10	10	1	major	5.0	Other POS Omitted
3	119	1	major	5.0	Omitted Preposition
8	411	9	major	5.0	Agreement
0	22	1	major	5.0	Omitted Preposition
8	306	4	major	5.0	Word Order
10	51	4	critical	10.0	Shouldn't Have Been Translated
4	218	11	minor	1.0	Duplication
3	127	1	major	5.0	Omitted Pronoun
4	106	1	major	5.0	Omitted Determiner
8 8	152 136	10 15	major	5.0	Word Order
0	8	5	critical	10.0	Shouldn't Have Been Translated
0	39	5	major	5.0	Word Order
3 3	135 141	5 6	major	5.0	Word Order
3	16	5	major	5.0	Word Order
4	134	21	major	5.0	Word Order
