segment_id	annotation_start	annotation_length	severity	severity_weight	category
11	104	1	major	5.0	Omitted Determiner
17	265	11	major	5.0	Lexical Selection
11	24	1	major	5.0	Omitted Preposition
5	56	7	major	5.0	Tense/Mood/Aspect
9	18	6	major	5.0	Wrong Pronoun
4	134	1	major	5.0	Wrong Determiner
11	346	3	major	5.0	Over-translation
12	234	5	major	5.0	Omitted Determiner
12 12	60 84	7 14	critical	10.0	Untranslated
11	72	2	major	5.0	Wrong Determiner
14	49	11	major	5.0	Lexical Selection
13	263	12	major	5.0	Word Order
10	21	10	major	5.0	Word Order
5	164	9	major	5.0	POS
17	97	7	major	5.0	Tense/Mood/Aspect
15	128	1	major	5.0	Omitted Determiner
10	276	1	major	5.0	Omitted Preposition
6	115	7	major	5.0	Agreement
12	242	1	major	5.0	Omitted Determiner
10	384	8	major	5.0	POS
6	56	7	major	5.0	Over-translation
11	154	1	major	5.0	Omitted Determiner
4	274	18	major	5.0	Overly Literal
4	132	1	major	5.0	Word Order
16	162	1	major	5.0	Omitted Determiner
16	269	18	major	5.0	Word Order
16	241	2	major	5.0	Over-translation
2	124	4	major	5.0	Lexical Selection
2	48	8	major	5.0	POS
10	277	3	major	5.0	POS
11	228	9	major	5.0	Lexical Selection
9	24	1	major	5.0	Omitted Determiner
12	176	30	major	5.0	Lexical Selection
10	383	1	major	5.0	Omitted Preposition
11	94	1	major	5.0	Omitted Determiner
3	23	7	major	5.0	Lexical Selection
13	64	9	major	5.0	Word Order
13	73	1	major	5.0	Omitted Preposition
11	44	4	major	5.0	Agreement
9	25	8	major	5.0	Word Order
2	152	9	major	5.0	Tense/Mood/Aspect
3	47	1	major	5.0	Omitted Preposition
13	158	1	major	5.0	Omitted Preposition
2	128	1	major	5.0	Other POS Omitted
16	138	1	major	5.0	Omitted Determiner
5	22	6	major	5.0	Agreement
16	203	2	major	5.0	Wrong Pronoun
2	102	15	major	5.0	Word Order
14	181	3	major	5.0	Wrong Determiner
2	0	6	major	5.0	Omitted Determiner
10	138	5	major	5.0	Lexical Selection
15	89	8	major	5.0	POS
12	208	9	major	5.0	Under-translation
13	224	9	major	5.0	Agreement
14	120	3	major	5.0	Wrong Determiner
14	166	11	major	5.0	Lexical Selection
16	206	9	major	5.0	Tense/Mood/Aspect
4	191	11	major	5.0	Word Order
12	218	1	major	5.0	Omitted Determiner
16	78	5	major	5.0	Word Order
17	32	1	major	5.0	Omitted Preposition
17	171	11	major	5.0	Lexical Selection
15	103	2	major	5.0	Wrong Determiner
11	350	8	major	5.0	Tense/Mood/Aspect
2	47	1	major	5.0	Omitted Preposition
7	0	4	major	5.0	Omitted Conjunction
10	85	9	major	5.0	POS
