segment_id	annotation_start	annotation_length	severity	severity_weight	category
3	154	7	major	5.0	Word Order
2	59	3	major	5.0	Wrong Determiner
6	73	2	major	5.0	Addition
0 0	23 0	10 22	major	5.0	Word Order
6	133	4	major	5.0	Wrong Preposition
3	149	4	major	5.0	Capitalization
3	71	8	major	5.0	Lexical Selection
4	73	3	critical	10.0	Untranslated
2	35	6	critical	10.0	Untranslated
5	25	1	major	5.0	Omitted Determiner
4	10	1	major	5.0	Omitted Pronoun
3	0	6	major	5.0	Tense/Mood/Aspect
5	37	1	major	5.0	Omitted Preposition
3	99	4	major	5.0	Lexical Selection
2	63	8	major	5.0	Lexical Selection
5	2	8	major	5.0	Lexical Selection
5	28	1	major	5.0	Omitted Preposition
2	0	7	major	5.0	Tense/Mood/Aspect
4	89	8	major	5.0	Lexical Selection
5	42	6	major	5.0	Word Order
5	26	2	major	5.0	Word Order
2	44	1	major	5.0	Other POS Omitted
4	2	8	major	5.0	Lexical Selection
4	100	8	major	5.0	Lexical Selection
