segment_id	annotation_start	annotation_length	severity	severity_weight	category
0	29	7	major	5.0	Word Order
6	50	4	major	5.0	Lexical Selection
2 2	85 69	11 15	major	5.0	Word Order
6	58	5	major	5.0	Lexical Selection
5	83	1	major	5.0	Omitted Determiner
7	128	7	major	5.0	Word Order
6	191	11	major	5.0	POS
5	93	5	major	5.0	POS
2	32	7	major	5.0	Word Order
5	84	8	major	5.0	POS
3	25	7	major	5.0	Lexical Selection
2	21	10	critical	10.0	Shouldn't Have Been Translated
4	207	4	major	5.0	Lexical Selection
7	117	10	critical	10.0	Shouldn't Have Been Translated
5	75	8	major	5.0	Lexical Selection
2	63	1	major	5.0	Omitted Determiner
6	63	1	major	5.0	Omitted Preposition
7	90	4	major	5.0	Lexical Selection
5	92	1	major	5.0	Omitted Preposition
6	57	1	major	5.0	Omitted Determiner
0	18	10	critical	10.0	Shouldn't Have Been Translated
6	79	2	major	5.0	Lexical Selection
7	190	5	major	5.0	Word Order
6	54	1	major	5.0	Other POS Omitted
