segment_id	annotation_start	annotation_length	severity	severity_weight	category
4	234	12	major	5.0	Lexical Selection
0 0 0	8 39 19	2 5 1	major	5.0	Word Order
7	74	2	major	5.0	Wrong Preposition
3 3	20 2	8 1	major	5.0	Word Order
4	184	5	minor	1.0	Omitted Determiner
7	77	7	major	5.0	Lexical Selection
6 6	37 53	7 7	minor	1.0	Agreement
4 4	89 0	5 10	minor	1.0	Agreement
3 3	3 37	7 5	major	5.0	Word Order
4	67	9	minor	1.0	Lexical Selection
0 0	0 38	7 1	major	5.0	Word Order
4	119	5	minor	1.0	Untranslated
2	7	9	major	5.0	Tense/Mood/Aspect
4	280	1	major	5.0	Other POS Omitted
