segment_id	annotation_start	annotation_length	severity	severity_weight	category
3	55	11	critical	10.0	Shouldn't Have Been Translated
5	17	1	major	5.0	Omitted Determiner
0	17	6	major	5.0	Word Order
3	50	2	major	5.0	Addition
5	108	5	critical	10.0	Untranslated
4	77	1	major	5.0	Omitted Determiner
5	42	2	major	5.0	Wrong Preposition
2	49	1	major	5.0	Omitted Determiner
5	14	3	major	5.0	Wrong Auxiliary Verb
2	66	1	major	5.0	Omitted Determiner
5	107	1	major	5.0	Omitted Preposition
5	2	11	critical	10.0	Shouldn't Have Been Translated
3	53	2	major	5.0	Addition
0	13	3	major	5.0	Word Order
3	120	6	major	5.0	Lexical Selection
5	33	8	major	5.0	POS
2	55	8	critical	10.0	Untranslated
4	99	1	major	5.0	Omitted Determiner
2	2	11	critical	10.0	Shouldn't Have Been Translated
0	16	1	major	5.0	Punctuation
2	14	7	major	5.0	Lexical Selection
2	54	1	major	5.0	Omitted Determiner
3	103	6	critical	10.0	Untranslated
