segment_id	annotation_start	annotation_length	severity	severity_weight	category
0	23	1	major	5.0	Omitted Preposition
0	19	4	major	5.0	Word Order
0	8	10	major	5.0	Word Order
2	50	3	major	5.0	Wrong Preposition
2	64	4	major	5.0	Addition
3	62	1	major	5.0	Omitted Preposition
5	117	1	major	5.0	Omitted Determiner
5	0	3	major	5.0	Agreement
2	2	1	major	5.0	Other POS Omitted
5	9	2	major	5.0	Wrong Preposition
4	164	6	major	5.0	Tense/Mood/Aspect
4	111	6	major	5.0	Agreement
3	55	7	critical	10.0	Untranslated
5	4	4	major	5.0	POS
0	31	7	critical	10.0	Untranslated
0	24	6	critical	10.0	Untranslated
5	3	1	major	5.0	Other POS Omitted
3	156	6	major	5.0	Wrong Conjunction
5	27	9	major	5.0	Word Order
