segment_id	annotation_start	annotation_length	severity	severity_weight	category
2	11	3	major	5.0	Addition
3	370	6	major	5.0	Lexical Selection
2 2 2	44 3 15	24 7 28	major	5.0	Word Order
3	169	4	major	5.0	Wrong Preposition
3	31	3	major	5.0	Lexical Selection
3	234	1	major	5.0	Omitted Preposition
4	70	7	major	5.0	Unit Conversion
2	71	7	minor	1.0	Capitalization
3	287	1	major	5.0	Other POS Omitted
0 0 0	28 8 0	24 19 7	major	5.0	Word Order
3	143	1	major	5.0	Other POS Omitted
3	308	2	major	5.0	Addition
3	174	2	major	5.0	Addition
4 4	78 69	20 1	major	5.0	Word Order
3	201	3	major	5.0	Wrong Determiner
4	141	8	major	5.0	Untranslated
4 4	128 121	13 1	major	5.0	Word Order
3	113	11	major	5.0	Addition
4	149	7	major	5.0	Untranslated
3	291	6	major	5.0	Lexical Selection
3 3	235 227	8 7	major	5.0	Word Order
3	288	2	major	5.0	Addition
3	411	7	major	5.0	Lexical Selection
4 4	22 0	6 5	major	5.0	Word Order
