segment_id	annotation_start	annotation_length	severity	severity_weight	category
4	54	2	major	5.0	Addition
0 0	147 140	8 6	major	5.0	Word Order
19	32	6	major	5.0	Overly Literal
4	1201	1	major	5.0	Omitted Preposition
5	492	9	major	5.0	Untranslated
16 16	30 42	8 5	major	5.0	Word Order
12	102	1	major	5.0	Omitted Preposition
11	317	3	major	5.0	Untranslated
5	133	2	major	5.0	Wrong Preposition
5	501	4	major	5.0	Untranslated
0	89	1	major	5.0	Omitted Preposition
8	111	5	major	5.0	POS
0 0	67 57	6 6	major	5.0	Word Order
2 2	243 205	6 4	minor	1.0	Agreement
4 4	1215 1179	6 1	major	5.0	Word Order
22	273	3	major	5.0	Untranslated
22 22	340 318	7 1	major	5.0	Word Order
2	24	2	major	5.0	POS
13 13	186 161	9 1	major	5.0	Word Order
4	1021	1	major	5.0	Omitted Preposition
8	116	4	major	5.0	Untranslated
22	350	1	major	5.0	Omitted Determiner
21	186	14	major	5.0	Omitted Determiner
4	98	1	major	5.0	Other POS Omitted
11	285	8	major	5.0	Tense/Mood/Aspect
19	208	11	major	5.0	Shouldn't Have Been Translated
4	1178	1	major	5.0	Untranslated
9	11	6	major	5.0	Tense/Mood/Aspect
21 21	23 58	14 2	major	5.0	Word Order
14	312	3	major	5.0	Other POS Omitted
9 8	0 121	8 6	major	5.0	Word Order
2	89	30	major	5.0	Shouldn't Have Been Translated
11	165	6	minor	1.0	Lexical Selection
2 2	78 23	5 1	major	5.0	Word Order
11 11	226 262	12 1	major	5.0	Word Order
11	494	9	major	5.0	Tense/Mood/Aspect
18 18	129 152	8 1	major	5.0	Word Order
11	312	5	major	5.0	Untranslated
4	8	2	major	5.0	Wrong Determiner
4	1257	6	major	5.0	Untranslated
16 16	120 95	7 1	major	5.0	Word Order
5	341	2	major	5.0	POS
19	308	11	major	5.0	Lexical Selection
4	38	1	major	5.0	Omitted Auxiliary Verb
3	53	16	major	5.0	POS
11	402	7	major	5.0	Lexical Selection
6 7 6	59 0 47	6 29 3	major	5.0	Word Order
2	54	14	major	5.0	Shouldn't Have Been Translated
13	298	10	major	5.0	False Friend
22	52	6	major	5.0	False Friend
9	9	2	major	5.0	Addition
17	107	2	major	5.0	Overly Literal
5	437	3	major	5.0	Wrong Preposition
15 15	25 14	2 1	major	5.0	Word Order
14	212	4	major	5.0	Untranslated
16 16	75 55	9 10	minor	1.0	Agreement
4 4	1041 1053	11 9	major	5.0	Word Order
5	507	11	major	5.0	False Friend
0 0	74 83	8 6	major	5.0	Word Order
11	297	5	major	5.0	Untranslated
0 0	48 32	8 1	major	5.0	Word Order
11 11	269 274	4 10	major	5.0	Word Order
19	86	7	minor	1.0	Overly Literal
5 5	441 424	14 3	major	5.0	Word Order
12	103	10	major	5.0	Lexical Selection
14	58	7	major	5.0	Lexical Selection
11	374	1	major	5.0	Omitted Preposition
19 19	63 43	6 1	major	5.0	Word Order
5	112	1	major	5.0	Other POS Omitted
17	27	2	major	5.0	Wrong Preposition
3	117	1	major	5.0	Omitted Determiner
5 5	277 271	13 5	minor	1.0	Agreement
18	100	1	major	5.0	Wrong Preposition
21	83	6	major	5.0	Tense/Mood/Aspect
6	17	1	major	5.0	Addition
10	145	16	major	5.0	False Friend
4 4	1187 1214	7 1	major	5.0	Word Order
4	1086	5	major	5.0	Untranslated
6	38	2	major	5.0	Wrong Determiner
2 2	236 249	6 1	major	5.0	Word Order
20	169	1	major	5.0	POS
14	69	4	major	5.0	Untranslated
22	375	1	major	5.0	Omitted Preposition
16	113	2	major	5.0	Wrong Preposition
14	235	5	major	5.0	Lexical Selection
9	104	5	minor	1.0	Lexical Selection
4	0	4	major	5.0	Omitted Determiner
5	568	1	major	5.0	Omitted Preposition
20	179	3	minor	1.0	Punctuation
18	89	2	major	5.0	Wrong Preposition
20 20	267 259	9 7	major	5.0	Word Order
4	1103	6	major	5.0	Omitted Preposition
5	547	1	major	5.0	Omitted Determiner
4	1109	1	major	5.0	Omitted Determiner
14	209	3	major	5.0	Untranslated
20	200	1	minor	1.0	Omitted Determiner
4	1030	6	major	5.0	Tense/Mood/Aspect
5	556	1	major	5.0	Other POS Omitted
11	266	2	major	5.0	POS
3	86	6	major	5.0	Untranslated
20	127	2	major	5.0	Wrong Preposition
19	62	1	minor	1.0	Hyphenation
18	141	11	major	5.0	POS
4 4	1233 1245	8 5	major	5.0	Word Order
16	207	1	major	5.0	Omitted Determiner
4	1039	2	major	5.0	Untranslated
4 4 4	1180 1195 1221	5 6 2	major	5.0	Word Order
11	304	7	major	5.0	Untranslated
2 2	192 166	7 1	major	5.0	Word Order
12	114	1	major	5.0	Wrong Preposition
11	366	7	major	5.0	Addition
9	116	6	minor	1.0	Agreement
4 4	39 80	14 1	major	5.0	Word Order
15 15	52 15	8 6	minor	1.0	Agreement
15	40	12	major	5.0	POS
2	204	1	major	5.0	Omitted Determiner
4	129	7	major	5.0	Other POS Omitted
21	41	2	major	5.0	Addition
20	266	1	major	5.0	Omitted Preposition
8	0	8	major	5.0	Omitted Determiner
18 18	112 153	1 16	major	5.0	Word Order
11	335	1	major	5.0	Other POS Omitted
22 22	58 79	7 1	major	5.0	Word Order
20	4	28	major	5.0	Shouldn't Have Been Translated
13	183	3	major	5.0	Addition
14 14	74 56	9 2	major	5.0	Word Order
0 0	102 56	13 1	major	5.0	Word Order
14	187	6	minor	1.0	Capitalization
4	1173	5	major	5.0	Untranslated
4	1119	1	major	5.0	Omitted Determiner
22 22	92 66	23 1	major	5.0	Word Order
22 22	330 293	4 1	major	5.0	Word Order
13	148	5	major	5.0	Tense/Mood/Aspect
13	343	4	major	5.0	Addition
22 22	202 225	10 10	minor	1.0	Duplication
17	9	1	major	5.0	Omitted Determiner
22	317	1	major	5.0	Omitted Preposition
19	190	6	major	5.0	Untranslated
11	455	2	major	5.0	Wrong Preposition
14	139	1	minor	1.0	Omitted Determiner
3	70	2	major	5.0	POS
18	113	2	major	5.0	POS
2 2	27 30	2 8	minor	1.0	Agreement
4	1091	3	major	5.0	Untranslated
21	44	2	major	5.0	Addition
19	307	1	major	5.0	Other POS Omitted
4	1110	8	major	5.0	Untranslated
4 4	1022 1005	7 3	major	5.0	Word Order
17 17 17	51 55 62	4 6 6	minor	1.0	Agreement
3 3	73 92	3 1	major	5.0	Word Order
22	252	1	major	5.0	Other POS Omitted
0	4	28	major	5.0	Shouldn't Have Been Translated
22	0	8	major	5.0	Omitted Determiner
18	115	1	major	5.0	Omitted Determiner
8	108	2	major	5.0	Wrong Determiner
0	127	2	major	5.0	Addition
8	35	12	major	5.0	Tense/Mood/Aspect
3	77	8	major	5.0	POS
22	65	1	major	5.0	Other POS Omitted
11	216	8	major	5.0	Lexical Selection
18	102	6	major	5.0	Lexical Selection
5 5	557 569	3 5	major	5.0	Word Order
11	517	4	major	5.0	Untranslated
5	350	3	major	5.0	Omitted Preposition
22	149	2	major	5.0	Wrong Preposition
