segment_id	annotation_start	annotation_length	severity	severity_weight	category
3 3	112 119	1 1	major	5.0	Omitted Determiner
3	425	11	major	5.0	Lexical Selection
9	219	7	major	5.0	Lexical Selection
7	163	3	major	5.0	Wrong Conjunction
7	150	7	critical	10.0	Untranslated
8	37	7	major	5.0	Word Order
0	35	11	major	5.0	Word Order
3	548	6	minor	1.0	Lexical Selection
2	27	8	major	5.0	Agreement
7	125	6	critical	10.0	Untranslated
3	298	2	major	5.0	Wrong Preposition
9	90	3	major	5.0	Wrong Conjunction
3	415	1	major	5.0	Omitted Preposition
5	19	22	major	5.0	Word Order
3	102	1	major	5.0	Omitted Determiner
7	49	1	major	5.0	Omitted Determiner
2	156	10	minor	1.0	Lexical Selection
4	77	11	major	5.0	Tense/Mood/Aspect
7	105	7	critical	10.0	Untranslated
7	112	1	major	5.0	Omitted Preposition
8	220	7	major	5.0	Lexical Selection
3	309	13	major	5.0	Lexical Selection
7	117	8	major	5.0	Untranslated
7	97	8	critical	10.0	Untranslated
7	138	3	critical	10.0	Untranslated
0	58	9	major	5.0	Lexical Selection
3	425	11	major	5.0	Lexical Selection
0	50	7	minor	1.0	Capitalization
3	130	5	major	5.0	Lexical Selection
8	46	7	major	5.0	Word Order
2	126	1	major	5.0	Omitted Preposition
8	231	3	major	5.0	Wrong Determiner
7	215	9	major	5.0	POS
9	200	1	major	5.0	Omitted Determiner
2	143	6	major	5.0	Lexical Selection
2	166	1	major	5.0	Agreement
6	103	15	major	5.0	Word Order
7	50	7	major	5.0	Word Order
8	44	1	major	5.0	Agreement
2	39	7	major	5.0	Capitalization
7	2	1	major	5.0	Other POS Omitted
2	0	2	major	5.0	Wrong Determiner
2	47	13	major	5.0	Lexical Selection
7	232	1	major	5.0	Omitted Conjunction
7	158	4	major	5.0	Tense/Mood/Aspect
2	172	27	major	5.0	Overly Literal
7	87	9	major	5.0	Word Order
9	159	1	major	5.0	Omitted Determiner
3	392	2	minor	1.0	Wrong Preposition
7	48	1	major	5.0	Omitted Preposition
