segment_id	annotation_start	annotation_length	severity	severity_weight	category
3	21	7	major	5.0	Tense/Mood/Aspect
2	47	16	major	5.0	False Friend
0	0	7	major	5.0	Word Order
4 4	0 40	3 5	minor	1.0	Agreement
3	14	1	major	5.0	Omitted Preposition
2	11	7	major	5.0	Tense/Mood/Aspect
3	114	2	major	5.0	Wrong Preposition
2 2	41 22	5 1	major	5.0	Word Order
5	14	1	major	5.0	Omitted Preposition
4 4	25 9	14 1	major	5.0	Word Order
4	4	5	major	5.0	Lexical Selection
2 2	80 0	31 1	major	5.0	Word Order
3	103	10	major	5.0	Lexical Selection
3	113	1	major	5.0	Other POS Omitted
3	98	4	major	5.0	Wrong Pronoun
2	75	4	major	5.0	Addition
0	14	3	major	5.0	False Friend
