segment_id	annotation_start	annotation_length	severity	severity_weight	category
2	7	8	major	5.0	Agreement
0	24	1	major	5.0	Omitted Preposition
3	28	5	major	5.0	Agreement
4	14	4	critical	10.0	Untranslated
3	9	4	major	5.0	Capitalization
2	15	1	major	5.0	Omitted Preposition
2	19	13	major	5.0	Word Order
0	30	9	major	5.0	Word Order
5	0	6	major	5.0	Word Order
0	25	4	major	5.0	Word Order
3	8	1	major	5.0	Omitted Determiner
3	44	1	major	5.0	Omitted Determiner
3	34	1	major	5.0	Omitted Determiner
0	40	16	major	5.0	Word Order
5	7	3	major	5.0	Addition
0	29	1	major	5.0	Omitted Preposition
4	61	1	major	5.0	Omitted Preposition
4	19	5	critical	10.0	Untranslated
3	22	1	major	5.0	Omitted Determiner
2	16	3	minor	1.0	Capitalization
2	2	4	major	5.0	Word Order
