segment_id	annotation_start	annotation_length	severity	severity_weight	category
0	22	4	major	5.0	Word Order
0	9	7	major	5.0	Shouldn't Have Been Translated
0	27	12	major	5.0	POS
3	71	1	major	5.0	Other POS Omitted
2	32	4	critical	10.0	Untranslated
3	30	9	major	5.0	POS
2	47	7	major	5.0	Word Order
2	145	4	major	5.0	Lexical Selection
0	26	1	major	5.0	Omitted Preposition
3	9	1	major	5.0	Omitted Determiner
3	56	1	major	5.0	Omitted Preposition
2	139	5	major	5.0	Agreement
4	4	13	major	5.0	Lexical Selection
3	74	7	major	5.0	Lexical Selection
3	18	5	major	5.0	Addition
0	40	6	major	5.0	Word Order
0	21	1	major	5.0	Omitted Preposition
2	102	3	major	5.0	Agreement
2	65	1	major	5.0	Omitted Determiner
0	0	8	major	5.0	Word Order
4	96	2	major	5.0	Wrong Determiner
2	39	1	major	5.0	Omitted Preposition
3	0	1	major	5.0	Omitted Determiner
