segment_id	annotation_start	annotation_length	severity	severity_weight	category
3	165	2	major	5.0	Wrong Preposition
2	127	4	major	5.0	Addition
0	11	1	major	5.0	Omitted Preposition
3	13	1	major	5.0	Omitted Determiner
0 0	7 12	4 6	major	5.0	Word Order
3	4	1	major	5.0	Omitted Determiner
5	109	11	major	5.0	POS
4	18	1	major	5.0	Omitted Preposition
5	67	8	major	5.0	False Friend
4 4	90 71	8 10	minor	1.0	Agreement
5 5	85 95	9 10	minor	1.0	Agreement
5	66	1	major	5.0	Omitted Determiner
0 0	0 38	6 1	major	5.0	Word Order
2	0	6	major	5.0	Omitted Determiner
5	76	1	major	5.0	Wrong Preposition
