segment_id	annotation_start	annotation_length	severity	severity_weight	category
6	4	1	major	5.0	Omitted Determiner
3	64	8	major	5.0	Lexical Selection
0 0	0 13	1 1	major	5.0	Word Order
3	153	9	major	5.0	Overly Literal
3	33	1	major	5.0	Omitted Preposition
3 3	4 52	9 1	major	5.0	Word Order
3	141	1	major	5.0	Omitted Pronoun
3	57	1	major	5.0	Omitted Determiner
9	16	2	major	5.0	Addition
6	5	14	major	5.0	Orthography
5	32	9	major	5.0	Lexical Selection
3 3	73 58	6 6	minor	1.0	Agreement
9	11	4	major	5.0	Wrong Auxiliary Verb
0 0	42 36	4 1	major	5.0	Word Order
3 3	34 3	18 1	major	5.0	Word Order
3	128	1	major	5.0	Omitted Preposition
6 6	0 19	4 1	major	5.0	Word Order
0 0	47 10	25 1	major	5.0	Word Order
3	165	1	major	5.0	Other POS Omitted
5 5	105 23	4 8	minor	1.0	Agreement
4 4	43 48	4 8	minor	1.0	Agreement
6	20	2	major	5.0	Addition
4 4	56 42	10 1	major	5.0	Word Order
