segment_id	annotation_start	annotation_length	severity	severity_weight	category
4	60	4	major	5.0	Overly Literal
4	78	13	major	5.0	Lexical Selection
2	13	4	major	5.0	Overly Literal
3	55	6	major	5.0	Tense/Mood/Aspect
3	24	5	major	5.0	Overly Literal
4	65	3	major	5.0	Wrong Determiner
3	35	16	major	5.0	Overly Literal
2	21	1	major	5.0	Omitted Preposition
4	33	5	critical	10.0	Untranslated
0	22	1	major	5.0	Omitted Preposition
2	18	3	major	5.0	Wrong Determiner
4	52	8	major	5.0	Lexical Selection
3	0	2	major	5.0	Wrong Pronoun
0	10	4	major	5.0	Overly Literal
