segment_id	annotation_start	annotation_length	severity	severity_weight	category
7	152	6	major	5.0	Lexical Selection
5	89	5	major	5.0	Word Order
5 5	143 117	10 25	major	5.0	Word Order
10	21	2	major	5.0	Unit Conversion
7	9	13	critical	10.0	Shouldn't Have Been Translated
8	77	1	major	5.0	Omitted Preposition
5	95	12	major	5.0	Lexical Selection
3 3	103 114	10 18	major	5.0	Word Order
8	112	10	major	5.0	Word Order
7	182	1	major	5.0	Omitted Auxiliary Verb
0	7	1	major	5.0	Omitted Preposition
3	54	5	major	5.0	Lexical Selection
8	84	5	critical	10.0	Untranslated
7	144	7	major	5.0	Lexical Selection
8	184	9	major	5.0	Word Order
5	114	2	major	5.0	Wrong Determiner
7	54	5	critical	10.0	Untranslated
8	107	4	critical	10.0	Untranslated
3	0	1	major	5.0	Omitted Determiner
6	51	1	major	5.0	Omitted Preposition
9	18	5	major	5.0	Agreement
0	16	8	major	5.0	Word Order
5	81	4	major	5.0	Lexical Selection
8	96	4	critical	10.0	Untranslated
5	80	1	major	5.0	Omitted Determiner
8	89	6	critical	10.0	Untranslated
8	123	14	major	5.0	Lexical Selection
5	111	2	major	5.0	Addition
3	35	1	major	5.0	Omitted Determiner
3	113	1	major	5.0	Omitted Preposition
2	14	13	critical	10.0	Shouldn't Have Been Translated
4	17	1	major	5.0	Omitted Determiner
8	72	5	critical	10.0	Untranslated
6	52	9	major	5.0	Word Order
4	18	11	major	5.0	POS
2	11	2	major	5.0	Addition
4	29	1	major	5.0	Omitted Preposition
8	59	12	major	5.0	Word Order
8	101	5	critical	10.0	Untranslated
