segment_id	annotation_start	annotation_length	severity	severity_weight	category
5	3	4	major	5.0	Untranslated
3	78	1	major	5.0	Omitted Determiner
3	6	4	major	5.0	Untranslated
0 0	42 49	2 1	major	5.0	Word Order
0 0	34 28	6 1	major	5.0	Word Order
0	45	4	major	5.0	Untranslated
4	0	24	minor	1.0	Overly Literal
3	68	2	major	5.0	POS
0 0	18 33	2 1	major	5.0	Word Order
2	24	1	major	5.0	Omitted Preposition
3 3	83 79	11 3	major	5.0	Word Order
3 3	13 3	1 2	major	5.0	Word Order
3	5	1	minor	1.0	Hyphenation
0	21	7	major	5.0	Addition
3	95	6	major	5.0	Untranslated
4	51	4	major	5.0	Lexical Selection
2	51	8	major	5.0	Lexical Selection
