segment_id	annotation_start	annotation_length	severity	severity_weight	category
10	28	3	critical	10.0	Untranslated
12 12	20 39	18 7	major	5.0	Word Order
2	7	1	major	5.0	Omitted Determiner
7 7	32 38	5 8	major	5.0	Word Order
0	35	5	critical	10.0	Untranslated
12	19	1	major	5.0	Omitted Determiner
2	92	1	major	5.0	Omitted Determiner
10	32	3	critical	10.0	Untranslated
8	28	1	major	5.0	Omitted Determiner
3	108	12	major	5.0	Word Order
4	113	2	major	5.0	Agreement
2	103	4	critical	10.0	Untranslated
0	40	4	critical	10.0	Untranslated
0	45	6	major	5.0	Word Order
10	152	4	major	5.0	Lexical Selection
8	52	6	major	5.0	Agreement
4	49	19	critical	10.0	Shouldn't Have Been Translated
3	107	1	major	5.0	Omitted Determiner
2	108	3	critical	10.0	Untranslated
6	0	4	critical	10.0	Untranslated
8	46	1	major	5.0	Agreement
5	3	8	major	5.0	Lexical Selection
4	83	8	major	5.0	Word Order
12	47	8	critical	10.0	Addition
10	129	1	major	5.0	Omitted Determiner
7	107	5	major	5.0	Unit Conversion
4 4	128 122	6 5	major	5.0	Word Order
6	5	2	critical	10.0	Untranslated
4	121	1	major	5.0	Omitted Preposition
3	0	2	major	5.0	Agreement
10	25	2	critical	10.0	Untranslated
