segment_id	annotation_start	annotation_length	severity	severity_weight	category
4	35	6	major	5.0	Addition
5	117	4	major	5.0	Wrong Preposition
3	128	5	major	5.0	Lexical Selection
5	17	5	major	5.0	False Friend
5	110	7	major	5.0	Tense/Mood/Aspect
4	102	6	major	5.0	False Friend
2	0	10	major	5.0	Omitted Determiner
0	11	1	major	5.0	Wrong Preposition
3	34	1	major	5.0	Omitted Determiner
0 0	36 12	2 1	major	5.0	Word Order
2	88	8	major	5.0	Lexical Selection
5	30	6	major	5.0	Overly Literal
3	47	1	major	5.0	Omitted Preposition
0	0	10	major	5.0	Lexical Selection
2 2	97 77	11 1	major	5.0	Word Order
0	25	1	major	5.0	Omitted Preposition
5	0	2	major	5.0	Wrong Pronoun
5	22	1	major	5.0	Other POS Omitted
3 3	48 35	9 12	major	5.0	Word Order
5	29	1	major	5.0	Other POS Omitted
