segment_id	annotation_start	annotation_length	severity	severity_weight	category
9	20	1	major	5.0	Omitted Determiner
2	57	12	major	5.0	Lexical Selection
4	235	1	major	5.0	Omitted Determiner
2	246	5	major	5.0	Wrong Determiner
0	34	10	major	5.0	Word Order
7	557	1	major	5.0	Omitted Determiner
10	131	8	major	5.0	Lexical Selection
4	209	25	major	5.0	Word Order
3	323	2	major	5.0	Wrong Preposition
4	172	35	major	5.0	Word Order
3 3	49 59	4 4	critical	10.0	Untranslated
8	29	1	major	5.0	Omitted Determiner
7	169	11	major	5.0	Lexical Selection
6	39	17	critical	10.0	Untranslated
5	26	6	major	5.0	Word Order
2	23	7	major	5.0	Agreement
0	8	5	major	5.0	Lexical Selection
10	273	9	major	5.0	Lexical Selection
7	227	8	major	5.0	POS
2	3	16	major	5.0	Word Order
10	79	6	major	5.0	Agreement
9	103	8	major	5.0	Word Order
8	183	12	critical	10.0	Untranslated
5	99	17	major	5.0	Word Order
10	242	1	major	5.0	Omitted Determiner
3	33	9	major	5.0	Word Order
7	236	10	major	5.0	Word Order
2	95	1	major	5.0	Omitted Conjunction
3	362	26	major	5.0	Overly Literal
3	304	6	major	5.0	Agreement
10	19	11	major	5.0	POS
7	547	9	major	5.0	Omitted Determiner
5	116	1	major	5.0	Under-translation
7	86	35	major	5.0	Overly Literal
5	61	6	major	5.0	Tense/Mood/Aspect
8	196	10	major	5.0	Word Order
10	233	8	major	5.0	POS
10	159	1	major	5.0	Other POS Omitted
7	513	25	major	5.0	Word Order
8	321	6	major	5.0	POS
10	4	14	major	5.0	Lexical Selection
4	141	3	critical	10.0	Untranslated
4	318	11	major	5.0	Lexical Selection
10	33	1	major	5.0	Omitted Determiner
8	242	11	major	5.0	POS
4	75	2	major	5.0	Wrong Determiner
10	93	1	major	5.0	Omitted Determiner
4	259	3	major	5.0	Agreement
2	0	2	major	5.0	Agreement
5	36	20	major	5.0	Word Order
10	100	1	major	5.0	Omitted Determiner
2	75	9	major	5.0	Lexical Selection
3	11	16	major	5.0	Lexical Selection
4	247	1	major	5.0	Omitted Determiner
2	168	25	major	5.0	Word Order
3	331	1	major	5.0	Wrong Preposition
7 7 7 7 7	184 422 307 398 570	18 15 12 15 9	critical	10.0	Untranslated
7	66	17	critical	10.0	Untranslated
9	126	1	major	5.0	Over-translation
8	167	7	major	5.0	Lexical Selection
3	77	2	major	5.0	Wrong Preposition
7	538	1	major	5.0	Omitted Determiner
9	96	6	major	5.0	Tense/Mood/Aspect
0 0	51 61	4 4	major	5.0	Untranslated
2	37	17	major	5.0	Word Order
5 5	11 21	4 4	critical	10.0	Untranslated
