segment_id	annotation_start	annotation_length	severity	severity_weight	category
4	146	6	major	5.0	False Friend
0 0	0 14	7 3	major	5.0	Word Order
7	103	5	major	5.0	Lexical Selection
2	88	21	major	5.0	Overly Literal
9 9	0 25	8 7	minor	1.0	Agreement
4	67	5	major	5.0	False Friend
3	95	2	major	5.0	Wrong Preposition
6	106	18	major	5.0	Lexical Selection
8 8	46 37	7 8	major	5.0	Word Order
3	75	7	major	5.0	Tense/Mood/Aspect
6	20	5	major	5.0	Lexical Selection
7 7	123 138	7 1	major	5.0	Word Order
3	27	6	major	5.0	False Friend
7	131	7	major	5.0	Untranslated
3	41	1	major	5.0	Omitted Preposition
7	3	9	major	5.0	Untranslated
5 5	110 113	3 7	minor	1.0	Agreement
5	72	3	major	5.0	False Friend
9	187	12	major	5.0	Overly Literal
3 3	34 20	7 6	minor	1.0	Agreement
7 7	42 55	8 6	minor	1.0	Agreement
7	119	3	major	5.0	Untranslated
2	15	1	major	5.0	Omitted Preposition
5	121	12	major	5.0	Lexical Selection
4	65	1	major	5.0	Wrong Preposition
8 8	125 131	5 10	minor	1.0	Agreement
3	98	9	major	5.0	Lexical Selection
7	196	9	major	5.0	Addition
7	146	1	major	5.0	Other POS Omitted
8	231	3	major	5.0	Wrong Determiner
7	94	1	major	5.0	Omitted Preposition
5	134	2	major	5.0	Wrong Preposition
6	26	2	major	5.0	POS
6	93	3	major	5.0	Untranslated
0	13	1	major	5.0	Omitted Preposition
7	139	4	major	5.0	Tense/Mood/Aspect
5	82	11	major	5.0	Untranslated
7	212	1	major	5.0	Omitted Conjunction
