segment_id	annotation_start	annotation_length	severity	severity_weight	category
2 2	100 141	22 1	major	5.0	Word Order
0	89	5	major	5.0	Untranslated
2	20	2	major	5.0	Addition
5	17	5	major	5.0	False Friend
2	94	5	major	5.0	False Friend
2	67	4	major	5.0	Untranslated
2	243	5	major	5.0	Untranslated
4 4	114 91	11 23	minor	1.0	Agreement
2	15	4	major	5.0	Wrong Preposition
2	53	1	major	5.0	Other POS Omitted
4	4	5	major	5.0	False Friend
0	45	4	major	5.0	Untranslated
3 3	75 84	8 10	major	5.0	Word Order
2	125	11	major	5.0	POS
2	83	10	major	5.0	Lexical Selection
5 5	23 27	3 4	minor	1.0	Agreement
4	126	2	major	5.0	Wrong Preposition
0	66	4	major	5.0	Untranslated
2	226	5	major	5.0	Untranslated
0	17	5	major	5.0	Word Order
2	137	4	major	5.0	Untranslated
0	54	1	major	5.0	Untranslated
3	71	1	major	5.0	Omitted Preposition
0	50	4	major	5.0	Untranslated
2	232	5	major	5.0	Untranslated
2 2	193 207	13 16	major	5.0	Word Order
2	76	1	major	5.0	Omitted Preposition
2	239	3	major	5.0	Untranslated
