segment_id	annotation_start	annotation_length	severity	severity_weight	category
3	53	1	major	5.0	Other POS Omitted
0 0	39 44	4 6	minor	1.0	Agreement
4	55	6	major	5.0	False Friend
2	19	2	major	5.0	Addition
2	7	3	major	5.0	Addition
2	0	6	major	5.0	Lexical Selection
0	13	3	major	5.0	Untranslated
3	16	5	major	5.0	False Friend
0 0	51 23	7 1	major	5.0	Word Order
3	172	15	major	5.0	Shouldn't Have Been Translated
3	95	1	major	5.0	Omitted Determiner
4	27	3	major	5.0	Untranslated
3	74	16	major	5.0	Addition
