segment_id	annotation_start	annotation_length	severity	severity_weight	category
3	132	9	major	5.0	Lexical Selection
6	75	12	major	5.0	Overly Literal
8	305	5	major	5.0	Untranslated
13	84	6	major	5.0	Tense/Mood/Aspect
7	31	3	major	5.0	Untranslated
8	291	14	major	5.0	Untranslated
14	75	1	major	5.0	Omitted Preposition
2	0	7	major	5.0	Overly Literal
8	551	2	minor	1.0	Whitespace
12	126	4	major	5.0	Shouldn't Have Been Translated
3	3	14	major	5.0	Overly Literal
4	154	3	major	5.0	Untranslated
8	471	2	major	5.0	Wrong Preposition
8	565	1	minor	1.0	Whitespace
6	91	2	major	5.0	POS
4	85	6	major	5.0	Lexical Selection
9 9	68 101	5 1	major	5.0	Word Order
7	86	11	major	5.0	Overly Literal
0	10	8	major	5.0	Untranslated
6	4	1	major	5.0	Omitted Determiner
6	94	4	major	5.0	Lexical Selection
9	32	1	major	5.0	Omitted Preposition
2	55	11	major	5.0	Lexical Selection
4	139	8	major	5.0	Lexical Selection
14 14	0 32	10 10	minor	1.0	Agreement
8	323	2	major	5.0	Wrong Preposition
3	258	14	major	5.0	Overly Literal
8	64	1	major	5.0	Omitted Pronoun
12	231	7	major	5.0	Shouldn't Have Been Translated
9	117	8	major	5.0	Lexical Selection
12 12	28 3	5 11	minor	1.0	Agreement
0	19	3	major	5.0	Untranslated
3	152	8	major	5.0	False Friend
13	177	11	major	5.0	Shouldn't Have Been Translated
8	348	2	minor	1.0	Whitespace
5	3	14	major	5.0	Overly Literal
9	7	10	major	5.0	Untranslated
8	553	4	major	5.0	Untranslated
5 5	90 71	10 6	minor	1.0	Agreement
12	82	1	major	5.0	Omitted Determiner
4	121	2	major	5.0	Wrong Preposition
9	139	1	major	5.0	Other POS Omitted
2	33	13	major	5.0	Addition
3 3	86 94	7 5	minor	1.0	Agreement
8	523	2	major	5.0	Wrong Preposition
3 3	282 303	10 11	minor	1.0	Agreement
12 12	156 172	7 1	major	5.0	Word Order
3 3	142 160	9 1	major	5.0	Word Order
8	499	2	minor	1.0	Whitespace
4	148	5	major	5.0	POS
14	11	3	major	5.0	Wrong Determiner
8	417	2	major	5.0	Wrong Preposition
9	105	11	major	5.0	Untranslated
10 10	28 0	5 14	minor	1.0	Agreement
9 9	96 87	5 8	major	5.0	Word Order
9	95	1	minor	1.0	Hyphenation
5	48	4	major	5.0	Wrong Preposition
5 5	136 118	11 7	minor	1.0	Agreement
8	164	3	major	5.0	Untranslated
9	18	4	major	5.0	Untranslated
11	75	2	major	5.0	Wrong Preposition
2	67	3	major	5.0	Untranslated
8	445	2	minor	1.0	Whitespace
2	32	1	major	5.0	Other POS Omitted
2 2	84 70	11 1	major	5.0	Word Order
7	42	1	major	5.0	Other POS Omitted
7	38	4	major	5.0	Tense/Mood/Aspect
8 8	153 156	2 3	minor	1.0	Agreement
8	567	2	minor	1.0	Whitespace
13	71	2	major	5.0	Lexical Selection
8	582	4	major	5.0	Lexical Selection
8 8	402 397	2 4	major	5.0	Word Order
12 12	132 164	2 8	minor	1.0	Agreement
10	37	2	major	5.0	Wrong Pronoun
8	36	5	major	5.0	Untranslated
