segment_id	annotation_start	annotation_length	severity	severity_weight	category
2	21	5	major	5.0	Untranslated
0	0	10	major	5.0	Lexical Selection
2	209	9	major	5.0	Tense/Mood/Aspect
2	0	8	major	5.0	Untranslated
2	16	4	major	5.0	Untranslated
0	19	3	major	5.0	Untranslated
0	23	3	major	5.0	Untranslated
2	103	6	minor	1.0	Lexical Selection
2	58	6	major	5.0	Untranslated
2	29	5	major	5.0	Lexical Selection
2	98	4	major	5.0	Lexical Selection
0	27	5	major	5.0	Untranslated
2	9	7	major	5.0	Untranslated
2	80	4	major	5.0	Wrong Preposition
2	147	1	major	5.0	Other POS Omitted
2	193	1	major	5.0	Omitted Determiner
