segment_id	annotation_start	annotation_length	severity	severity_weight	category
2 2	68 37	8 1	major	5.0	Word Order
2	388	3	minor	1.0	Wrong Determiner
2 2	327 358	10 1	major	5.0	Word Order
2	430	7	major	5.0	Tense/Mood/Aspect
2	337	2	major	5.0	POS
2	10	1	major	5.0	Omitted Preposition
2	160	6	minor	1.0	Overly Literal
2	507	10	major	5.0	Lexical Selection
2	637	2	major	5.0	Untranslated
2 2	365 323	1 3	major	5.0	Word Order
2	180	2	major	5.0	Addition
2 2	359 322	6 1	major	5.0	Word Order
2	470	1	major	5.0	Omitted Determiner
2	543	5	major	5.0	Untranslated
0	26	1	major	5.0	Omitted Preposition
2	265	3	major	5.0	Untranslated
2	134	1	major	5.0	Omitted Preposition
2	269	5	major	5.0	Untranslated
2 2	222 183	28 9	major	5.0	Word Order
2	518	7	major	5.0	Lexical Selection
2 2	77 86	8 7	major	5.0	Word Order
2	27	10	minor	1.0	Agreement
2	375	2	major	5.0	Wrong Preposition
2 2	38 56	18 11	major	5.0	Word Order
2	632	4	major	5.0	Untranslated
2 2	171 250	8 1	major	5.0	Word Order
0	39	5	major	5.0	False Friend
2 2	11 0	5 10	major	5.0	Word Order
2	112	7	major	5.0	Omitted Determiner
2 2	412 423	10 6	major	5.0	Word Order
2	535	1	major	5.0	Other POS Omitted
2	549	4	major	5.0	Untranslated
2	144	1	major	5.0	Omitted Pronoun
2	411	1	major	5.0	Omitted Determiner
2	408	3	major	5.0	Addition
2	156	3	major	5.0	Wrong Preposition
2	76	1	major	5.0	Omitted Determiner
0 0	17 19	1 7	minor	1.0	Agreement
