segment_id	annotation_start	annotation_length	severity	severity_weight	category
6 6	17 27	2 8	minor	1.0	Agreement
8	145	6	major	5.0	False Friend
8 8	52 26	7 1	major	5.0	Word Order
8	90	12	major	5.0	Over-translation
0	9	2	major	5.0	Addition
5 5	77 67	4 9	minor	1.0	Agreement
0	22	7	major	5.0	Shouldn't Have Been Translated
2	3	7	major	5.0	Shouldn't Have Been Translated
8 8	49 33	2 1	major	5.0	Word Order
8 8	34 48	8 1	major	5.0	Word Order
8	43	5	major	5.0	False Friend
7 7	43 63	5 2	major	5.0	Word Order
9	3	6	major	5.0	Shouldn't Have Been Translated
0	30	6	major	5.0	Shouldn't Have Been Translated
9 9	54 61	7 5	major	5.0	Word Order
2 2	14 2	2 1	major	5.0	Word Order
8 8	27 42	6 1	major	5.0	Word Order
7	65	9	major	5.0	False Friend
8	152	4	major	5.0	Wrong Preposition
2	22	1	major	5.0	Omitted Preposition
8	85	1	major	5.0	Omitted Preposition
2	62	1	major	5.0	Other POS Omitted
2	45	6	major	5.0	False Friend
8	18	1	major	5.0	Omitted Determiner
8	166	7	major	5.0	Tense/Mood/Aspect
8	59	7	major	5.0	Tense/Mood/Aspect
9 9	46 25	6 8	minor	1.0	Agreement
0	37	9	major	5.0	POS
2	11	2	major	5.0	Addition
9	53	1	major	5.0	Omitted Preposition
