segment_id	annotation_start	annotation_length	severity	severity_weight	category
12	18	1	major	5.0	Omitted Determiner
12	99	2	major	5.0	Addition
2	0	8	major	5.0	Omitted Determiner
4	120	1	major	5.0	Omitted Determiner
8	151	1	major	5.0	Omitted Preposition
8	142	3	major	5.0	Addition
14	0	9	major	5.0	Omitted Determiner
4	199	9	major	5.0	Lexical Selection
11	142	3	major	5.0	Wrong Preposition
5	146	3	major	5.0	Wrong Pronoun
7	45	4	major	5.0	POS
14 14	70 81	10 32	major	5.0	Word Order
10	37	6	major	5.0	Lexical Selection
11	148	11	major	5.0	Lexical Selection
15	249	9	major	5.0	Lexical Selection
12	19	6	major	5.0	Lexical Selection
2	121	3	major	5.0	Wrong Determiner
7	32	7	major	5.0	Tense/Mood/Aspect
8	137	4	major	5.0	Untranslated
2	73	27	major	5.0	Overly Literal
13	235	13	major	5.0	Lexical Selection
15 15	231 258	17 1	major	5.0	Word Order
0	18	4	major	5.0	Lexical Selection
13	248	2	minor	1.0	Hyphenation
11	141	1	major	5.0	Other POS Omitted
10	63	1	major	5.0	Other POS Omitted
4	121	2	major	5.0	Addition
5	160	1	major	5.0	Other POS Omitted
4	269	3	major	5.0	Wrong Auxiliary Verb
3	17	5	major	5.0	Lexical Selection
10 10	30 43	6 1	major	5.0	Word Order
4 4	302 284	9 17	major	5.0	Word Order
4	315	10	major	5.0	Lexical Selection
13	222	3	major	5.0	Wrong Pronoun
7 7	53 44	4 1	major	5.0	Word Order
15 15	292 284	5 7	major	5.0	Word Order
4	100	17	major	5.0	Addition
15	198	3	major	5.0	Wrong Pronoun
15	14	14	major	5.0	Lexical Selection
5 5	107 76	10 7	major	5.0	Word Order
4	90	1	major	5.0	Omitted Determiner
10	107	1	major	5.0	Omitted Preposition
8 8 8	53 60 67	2 2 9	major	5.0	Unit Conversion
6	38	1	major	5.0	Omitted Preposition
4	283	1	major	5.0	Omitted Preposition
4	75	3	major	5.0	Lexical Selection
15	68	7	major	5.0	Lexical Selection
13	226	8	major	5.0	Word Order
13	53	2	major	5.0	Addition
5 5	17 30	12 9	major	5.0	Word Order
15	67	1	major	5.0	Omitted Preposition
12 12	4 52	6 9	major	5.0	Agreement
8	122	7	major	5.0	Lexical Selection
8	130	7	minor	1.0	Whitespace
15	202	8	major	5.0	POS
14	43	4	major	5.0	Addition
4 4	239 216	7 22	major	5.0	Word Order
10	102	1	major	5.0	Wrong Preposition
13	126	2	minor	1.0	Hyphenation
6	111	12	major	5.0	Untranslated
13	211	10	major	5.0	Lexical Selection
5	71	1	major	5.0	Omitted Preposition
8	97	6	major	5.0	Lexical Selection
15	291	1	minor	1.0	Hyphenation
15 15	127 136	4 9	major	5.0	Tense/Mood/Aspect
13	344	17	major	5.0	Overly Literal
6	28	10	major	5.0	Untranslated
10	0	2	major	5.0	Wrong Determiner
8	211	9	major	5.0	Lexical Selection
5	155	5	major	5.0	Lexical Selection
13	262	2	major	5.0	Wrong Determiner
15	189	8	major	5.0	POS
4	312	2	major	5.0	Wrong Preposition
16 16	56 79	20 10	major	5.0	Word Order
7	58	4	major	5.0	Overly Literal
15	263	4	major	5.0	Untranslated
14	35	7	major	5.0	Lexical Selection
16	93	8	major	5.0	Tense/Mood/Aspect
15	33	9	major	5.0	Overly Literal
8	112	8	major	5.0	Unit Conversion
