segment_id	annotation_start	annotation_length	severity	severity_weight	category
5	41	1	major	5.0	Omitted Pronoun
2	81	9	major	5.0	Lexical Selection
5	56	9	major	5.0	Tense/Mood/Aspect
2	189	2	major	5.0	Wrong Preposition
6	129	1	major	5.0	Omitted Preposition
3	12	10	major	5.0	Tense/Mood/Aspect
8	147	1	major	5.0	Omitted Preposition
5	42	10	major	5.0	Word Order
9	80	1	major	5.0	Omitted Preposition
7	76	1	major	5.0	Under-translation
2	36	13	major	5.0	Lexical Selection
9	70	10	major	5.0	Lexical Selection
2	135	1	major	5.0	Omitted Determiner
10	61	3	major	5.0	Under-translation
9	102	5	major	5.0	POS
7	217	1	major	5.0	Omitted Pronoun
7	24	1	major	5.0	Under-translation
4	67	3	major	5.0	POS
4	70	1	major	5.0	Omitted Determiner
2	91	1	major	5.0	Omitted Determiner
6	195	4	major	5.0	Wrong Preposition
10	3	3	major	5.0	Lexical Selection
7	307	9	major	5.0	False Friend
8	34	7	major	5.0	Agreement
8	50	10	major	5.0	Agreement
2	191	1	major	5.0	Omitted Determiner
7	80	15	major	5.0	Overly Literal
0	0	38	major	5.0	Word Order
8	77	15	major	5.0	Agreement
8	148	20	major	5.0	Word Order
6	21	4	major	5.0	Lexical Selection
7	317	5	major	5.0	Tense/Mood/Aspect
