segment_id	annotation_start	annotation_length	severity	severity_weight	category
11	27	8	major	5.0	Addition
8	110	2	major	5.0	POS
2	73	1	major	5.0	Omitted Determiner
4	327	6	major	5.0	Overly Literal
2	100	6	major	5.0	POS
4 4	33 11	5 1	major	5.0	Word Order
2 2	170 161	5 5	minor	1.0	Agreement
2 2	89 106	10 1	major	5.0	Word Order
8	238	2	minor	1.0	Wrong Determiner
5	0	5	major	5.0	Omitted Determiner
8	220	2	minor	1.0	Wrong Determiner
11 11	19 0	7 1	major	5.0	Word Order
2 2	124 99	7 1	major	5.0	Word Order
6	58	5	major	5.0	Wrong Preposition
9	149	7	major	5.0	Overly Literal
8 8	141 131	7 1	major	5.0	Word Order
8	132	8	major	5.0	Shouldn't Have Been Translated
9	52	9	minor	1.0	Lexical Selection
12 12	105 104	8 11	minor	1.0	Agreement
3	66	4	major	5.0	Shouldn't Have Been Translated
2	43	1	major	5.0	Other POS Omitted
4	161	1	major	5.0	Omitted Determiner
12	0	8	major	5.0	Omitted Determiner
2	107	17	major	5.0	POS
9	20	4	major	5.0	Overly Literal
8	93	5	major	5.0	Untranslated
2 2	29 32	2 3	major	5.0	Word Order
0 0	51 30	6 1	major	5.0	Word Order
2 2	55 44	2 10	major	5.0	Word Order
8 8	102 113	7 10	major	5.0	Word Order
12	60	8	major	5.0	Lexical Selection
5	17	2	major	5.0	Addition
4	59	2	major	5.0	Addition
0	36	14	major	5.0	Shouldn't Have Been Translated
3	63	3	major	5.0	Addition
4 4	294 283	15 10	major	5.0	Word Order
4	318	1	minor	1.0	Hyphenation
0 0	0 50	7 1	major	5.0	Word Order
9	24	11	major	5.0	Untranslated
9	101	3	minor	1.0	Wrong Determiner
2	167	2	major	5.0	Addition
2	84	4	major	5.0	Shouldn't Have Been Translated
4 4	319 260	7 1	major	5.0	Word Order
