segment_id	annotation_start	annotation_length	severity	severity_weight	category
3 3	88 112	17 7	minor	1.0	Agreement
2	52	4	major	5.0	Under-translation
2	21	1	major	5.0	Omitted Preposition
0	14	5	major	5.0	False Friend
3	106	5	major	5.0	POS
0	20	7	major	5.0	Lexical Selection
4	41	1	major	5.0	Omitted Preposition
2	85	1	major	5.0	Omitted Determiner
5	100	2	major	5.0	Unit Conversion
5	86	10	major	5.0	Untranslated
2	57	3	major	5.0	Wrong Preposition
2	0	7	major	5.0	Lexical Selection
6	5	4	major	5.0	Unit Conversion
0	8	5	major	5.0	Untranslated
4	3	7	major	5.0	Lexical Selection
2	8	5	major	5.0	Untranslated
