segment_id	annotation_start	annotation_length	severity	severity_weight	category
2 2	108 89	9 10	minor	1.0	Agreement
2	42	1	major	5.0	Omitted Determiner
6	12	1	major	5.0	Other POS Omitted
4	94	8	major	5.0	Tense/Mood/Aspect
7	181	6	major	5.0	Overly Literal
7 7	109 124	5 2	major	5.0	Word Order
3	125	21	major	5.0	Overly Literal
4 4	177 13	9 16	major	5.0	Inconsistency
6	47	5	major	5.0	Addition
3	41	8	major	5.0	Tense/Mood/Aspect
6	136	6	major	5.0	False Friend
7	293	8	minor	1.0	Overly Literal
7	223	3	major	5.0	Lexical Selection
7	115	9	major	5.0	Shouldn't Have Been Translated
7	0	6	major	5.0	Omitted Determiner
7 7	257 226	4 1	major	5.0	Word Order
3 3 3	50 56 60	5 4 9	minor	1.0	Agreement
4	52	1	major	5.0	Omitted Preposition
3 3	256 255	2 1	major	5.0	Omitted Preposition
6	170	9	minor	1.0	Addition
7	263	1	major	5.0	Untranslated
6	249	3	minor	1.0	Omitted Determiner
6 6	19 61	10 2	major	5.0	Word Order
4	106	10	major	5.0	Tense/Mood/Aspect
4	207	10	major	5.0	Lexical Selection
4	30	10	major	5.0	Lexical Selection
4	394	3	major	5.0	Omitted Preposition
6	31	2	major	5.0	POS
3 3	71 75	3 9	minor	1.0	Agreement
6	194	6	major	5.0	Lexical Selection
4	360	4	major	5.0	Wrong Preposition
