segment_id	annotation_start	annotation_length	severity	severity_weight	category
2	152	10	major	5.0	Word Order
2	116	1	major	5.0	Omitted Determiner
11 11	39 20	7 18	major	5.0	Word Order
5	5	2	critical	10.0	Untranslated
0	47	14	major	5.0	Word Order
6	107	5	major	5.0	Unit Conversion
7	46	1	major	5.0	Agreement
3	113	2	major	5.0	Agreement
5	0	4	critical	10.0	Untranslated
2	165	1	major	5.0	Omitted Determiner
3 3	122 128	5 6	major	5.0	Word Order
2	107	8	critical	10.0	Untranslated
2	0	1	major	5.0	Omitted Determiner
6 6	38 32	8 5	major	5.0	Word Order
2	18	6	major	5.0	Lexical Selection
9	32	3	critical	10.0	Untranslated
7	28	1	major	5.0	Omitted Determiner
2	15	2	major	5.0	Addition
11	19	1	major	5.0	Omitted Determiner
9	25	2	critical	10.0	Untranslated
3	83	8	major	5.0	Word Order
2 2	179 166	10 12	major	5.0	Word Order
4	3	8	major	5.0	Lexical Selection
9	28	3	critical	10.0	Untranslated
9	152	4	major	5.0	Lexical Selection
7	52	6	major	5.0	Agreement
0	38	8	major	5.0	Agreement
9	129	1	major	5.0	Omitted Determiner
11	47	8	critical	10.0	Addition
3	49	19	critical	10.0	Shouldn't Have Been Translated
