segment_id	annotation_start	annotation_length	severity	severity_weight	category
2	40	2	major	5.0	POS
0 0	26 31	4 6	major	5.0	Word Order
3	150	7	major	5.0	Lexical Selection
2	57	3	major	5.0	Lexical Selection
4	18	1	minor	1.0	Hyphenation
2 2	37 32	2 1	major	5.0	Word Order
5 5	765 771	2 1	major	5.0	Word Order
4 4	141 153	3 1	major	5.0	Word Order
4 4	128 145	3 8	minor	1.0	Agreement
5	725	8	major	5.0	Untranslated
5	607	1	minor	1.0	Hyphenation
5 5	440 406	7 1	major	5.0	Word Order
5	266	2	major	5.0	POS
5	733	4	major	5.0	Untranslated
5 5	780 767	4 1	major	5.0	Word Order
5	407	4	major	5.0	Untranslated
4	144	1	minor	1.0	Hyphenation
3	207	6	major	5.0	Tense/Mood/Aspect
4	45	2	major	5.0	Addition
5	47	1	minor	1.0	Hyphenation
5	0	6	major	5.0	Omitted Determiner
5	758	7	major	5.0	POS
3	257	8	major	5.0	Tense/Mood/Aspect
3	181	3	major	5.0	Addition
3	410	1	major	5.0	Omitted Determiner
2 2	42 33	10 3	major	5.0	Word Order
5	751	2	major	5.0	Addition
2 2	89 79	3 1	major	5.0	Word Order
5 5	772 774	1 5	major	5.0	Word Order
5	553	7	major	5.0	Lexical Selection
5	404	2	major	5.0	POS
5	84	1	major	5.0	Omitted Determiner
4 4	34 11	7 1	major	5.0	Word Order
3	139	7	minor	1.0	Ambiguous Translation
3	122	1	major	5.0	Omitted Determiner
3	322	8	major	5.0	Lexical Selection
5 5	190 170	6 1	major	5.0	Word Order
5	608	8	major	5.0	Lexical Selection
5	436	3	major	5.0	Addition
3	195	8	major	5.0	Lexical Selection
3	2	7	major	5.0	Lexical Selection
5	561	8	major	5.0	Untranslated
3	315	1	major	5.0	Omitted Preposition
5 5	98 76	20 1	major	5.0	Word Order
5 5	530 520	8 1	major	5.0	Word Order
5 5	63 27	7 1	major	5.0	Word Order
5 5	54 39	9 1	major	5.0	Word Order
5	569	10	major	5.0	Untranslated
5 5	209 286	30 1	major	5.0	Word Order
3	254	2	major	5.0	POS
5	630	10	major	5.0	Tense/Mood/Aspect
5	707	4	major	5.0	Untranslated
5	641	35	major	5.0	Word Order
3 3	123 112	10 10	major	5.0	Word Order
5	40	7	major	5.0	Shouldn't Have Been Translated
4	132	8	major	5.0	False Friend
5	595	3	major	5.0	Lexical Selection
2	80	4	major	5.0	Shouldn't Have Been Translated
3	14	5	minor	1.0	Agreement
0	30	1	major	5.0	Omitted Preposition
5 5	677 719	12 1	major	5.0	Word Order
3	206	1	major	5.0	Other POS Omitted
2	84	1	major	5.0	Omitted Preposition
5 5	262 276	3 1	major	5.0	Word Order
5 5	239 243	3 16	major	5.0	Word Order
3	203	1	major	5.0	Other POS Omitted
4	73	1	major	5.0	Omitted Determiner
3	321	1	minor	1.0	Hyphenation
3	138	1	major	5.0	Omitted Determiner
3	274	21	major	5.0	Overly Literal
3	71	1	minor	1.0	Hyphenation
5	690	8	major	5.0	Untranslated
5 5	133 199	19 1	major	5.0	Word Order
5	711	8	major	5.0	Untranslated
