segment_id	annotation_start	annotation_length	severity	severity_weight	category
0 0	19 0	13 11	major	5.0	Word Order
3	63	2	major	5.0	Addition
2	15	6	major	5.0	Tense/Mood/Aspect
2	88	2	major	5.0	Wrong Preposition
2	154	4	major	5.0	Lexical Register
2 2 2	107 99 87	13 7 1	major	5.0	Word Order
3	137	7	major	5.0	Untranslated
2	6	8	major	5.0	Addition
2	130	21	major	5.0	Overly Literal
2	82	5	major	5.0	POS
2	21	1	major	5.0	Omitted Preposition
2	22	2	major	5.0	Addition
3	15	16	major	5.0	POS
2	124	5	major	5.0	Tense/Mood/Aspect
