segment_id	annotation_start	annotation_length	severity	severity_weight	category
2	98	9	major	5.0	Lexical Selection
4	33	5	critical	10.0	Untranslated
2	27	8	critical	10.0	Shouldn't Have Been Translated
5	89	8	major	5.0	POS
3	14	3	major	5.0	Addition
4	2	7	major	5.0	Lexical Selection
3	17	7	critical	10.0	Shouldn't Have Been Translated
5	43	5	major	5.0	Agreement
2	36	12	major	5.0	Word Order
4	28	4	critical	10.0	Untranslated
5	80	8	major	5.0	Word Order
4	20	7	major	5.0	POS
5	98	3	major	5.0	Addition
3	6	7	major	5.0	Lexical Selection
4	94	5	critical	10.0	Untranslated
5	101	11	major	5.0	Word Order
3	0	5	major	5.0	Agreement
0	13	8	critical	10.0	Shouldn't Have Been Translated
5	49	7	major	5.0	Lexical Selection
3	24	8	critical	10.0	Shouldn't Have Been Translated
0	32	4	critical	10.0	Shouldn't Have Been Translated
2	2	19	major	5.0	Word Order
2	22	4	critical	10.0	Shouldn't Have Been Translated
4	75	1	major	5.0	Other POS Omitted
4	83	5	major	5.0	Agreement
6	53	5	major	5.0	Agreement
0	37	10	major	5.0	Word Order
