segment_id	annotation_start	annotation_length	severity	severity_weight	category
2	148	6	major	5.0	Lexical Selection
5	74	7	major	5.0	Lexical Selection
10	206	5	major	5.0	Lexical Selection
4	48	7	major	5.0	Agreement
8	5	6	major	5.0	Tense/Mood/Aspect
10	223	4	major	5.0	Lexical Selection
3	41	1	major	5.0	Omitted Determiner
10	261	1	major	5.0	Omitted Determiner
3	3	3	major	5.0	Lexical Selection
8	12	13	major	5.0	Word Order
10	110	10	major	5.0	Lexical Selection
2	190	1	major	5.0	Omitted Preposition
2	42	12	major	5.0	Addition
3	19	1	major	5.0	Omitted Preposition
5	60	2	major	5.0	Omitted Preposition
5	71	2	major	5.0	Wrong Preposition
0	0	5	critical	10.0	Shouldn't Have Been Translated
0	21	3	major	5.0	Lexical Selection
4	97	7	major	5.0	Lexical Selection
10	159	1	major	5.0	Omitted Preposition
10	268	1	major	5.0	Omitted Determiner
7	60	8	major	5.0	Lexical Selection
10	53	1	major	5.0	Omitted Preposition
7	54	5	major	5.0	Word Order
2 2	181 172	9 8	major	5.0	Word Order
10	292	1	major	5.0	Omitted Determiner
8	4	1	major	5.0	Omitted Auxiliary Verb
6	38	3	critical	10.0	Untranslated
10	98	11	major	5.0	Word Order
3	60	1	major	5.0	Omitted Auxiliary Verb
2	0	7	major	5.0	Tense/Mood/Aspect
10	179	5	major	5.0	Lexical Selection
2	118	3	critical	10.0	Untranslated
10	64	7	critical	10.0	Shouldn't Have Been Translated
10	285	4	critical	10.0	Untranslated
10 10	160 171	10 7	major	5.0	Word Order
3 3	42 51	8 6	major	5.0	Word Order
7	59	1	major	5.0	Omitted Preposition
7	35	1	major	5.0	Other POS Omitted
6	23	3	critical	10.0	Untranslated
4	76	1	major	5.0	Omitted Preposition
10	4	5	major	5.0	Lexical Selection
7	48	5	major	5.0	Lexical Selection
10	222	1	major	5.0	Omitted Determiner
2	122	3	critical	10.0	Untranslated
2	100	4	critical	10.0	Shouldn't Have Been Translated
10	215	6	minor	1.0	Whitespace
