segment_id	annotation_start	annotation_length	severity	severity_weight	category
4	56	1	major	5.0	Omitted Determiner
3	59	1	major	5.0	Other POS Omitted
2	60	9	major	5.0	Lexical Selection
3 3	53 46	6 6	major	5.0	Word Order
3	45	1	major	5.0	Omitted Preposition
4	44	1	major	5.0	Omitted Preposition
3	112	3	major	5.0	Lexical Selection
4 4	39 45	5 6	major	5.0	Word Order
0 0	47 57	10 6	major	5.0	Word Order
0	19	1	major	5.0	Omitted Preposition
3	3	42	critical	10.0	Shouldn't Have Been Translated
3	0	2	major	5.0	Agreement
3	111	1	major	5.0	Omitted Preposition
0	0	19	major	5.0	Word Order
3	115	1	major	5.0	Omitted Preposition
