segment_id	annotation_start	annotation_length	severity	severity_weight	category
4	83	1	major	5.0	Omitted Determiner
7	38	1	major	5.0	Punctuation
3	22	8	critical	10.0	Shouldn't Have Been Translated
2	110	9	major	5.0	Lexical Selection
6	0	4	major	5.0	POS
2	27	8	critical	10.0	Shouldn't Have Been Translated
3	6	7	major	5.0	Lexical Selection
4	73	5	major	5.0	Agreement
4	84	5	critical	10.0	Untranslated
4	33	2	major	5.0	Wrong Preposition
3	14	2	major	5.0	Addition
2	42	5	critical	10.0	Shouldn't Have Been Translated
5	0	5	major	5.0	Agreement
2	22	4	critical	10.0	Shouldn't Have Been Translated
6	34	1	major	5.0	Other POS Omitted
3	0	5	major	5.0	Agreement
4	65	1	critical	10.0	Other POS Omitted
0	44	12	major	5.0	POS
6	5	2	major	5.0	Addition
4	19	4	critical	10.0	Untranslated
7	39	2	major	5.0	Addition
2	2	19	major	5.0	Word Order
5	71	6	major	5.0	Lexical Selection
2	36	5	critical	10.0	Shouldn't Have Been Translated
6	8	5	major	5.0	Word Order
3	17	4	critical	10.0	Shouldn't Have Been Translated
4	14	4	critical	10.0	Untranslated
5	32	1	major	5.0	Omitted Determiner
4	90	7	major	5.0	Word Order
6 6	14 21	6 13	major	5.0	Word Order
7	53	5	major	5.0	Agreement
5	6	8	major	5.0	Lexical Selection
6	125	8	major	5.0	POS
0	20	4	critical	10.0	Shouldn't Have Been Translated
6	20	1	major	5.0	Omitted Determiner
2	48	12	major	5.0	Word Order
0	38	5	critical	10.0	Shouldn't Have Been Translated
4	35	1	major	5.0	Omitted Determiner
