segment_id	annotation_start	annotation_length	severity	severity_weight	category
10	37	1	critical	10.0	Untranslated
12 12	148 158	9 10	major	5.0	Word Order
9	57	8	critical	10.0	Shouldn't Have Been Translated
13	49	10	major	5.0	Tense/Mood/Aspect
7	9	8	major	5.0	Lexical Selection
14	120	23	major	5.0	Word Order
12	36	9	critical	10.0	Shouldn't Have Been Translated
11	28	8	critical	10.0	Shouldn't Have Been Translated
14 14	146 153	3 16	major	5.0	Word Order
5	0	9	critical	10.0	Shouldn't Have Been Translated
14	85	14	major	5.0	Lexical Selection
13	40	8	critical	10.0	Shouldn't Have Been Translated
6	103	5	critical	10.0	Untranslated
12	79	1	major	5.0	Omitted Preposition
11	102	12	critical	10.0	Shouldn't Have Been Translated
8 8	60 47	6 12	major	5.0	Word Order
0	16	4	major	5.0	Word Order
11	211	4	major	5.0	POS
13	63	4	major	5.0	Lexical Selection
10	39	4	critical	10.0	Untranslated
0	7	1	major	5.0	Omitted Preposition
7	0	9	critical	10.0	Shouldn't Have Been Translated
14	118	2	major	5.0	Addition
12	0	1	major	5.0	Omitted Determiner
14	193	1	major	5.0	Other POS Omitted
12	102	1	major	5.0	Omitted Determiner
12	87	12	major	5.0	Word Order
6	95	5	critical	10.0	Untranslated
10	30	3	critical	10.0	Untranslated
12	120	1	major	5.0	Omitted Preposition
2	14	8	critical	10.0	Shouldn't Have Been Translated
2	23	3	major	5.0	Wrong Preposition
6	35	10	major	5.0	POS
5	25	1	major	5.0	Omitted Determiner
14	150	2	major	5.0	Addition
12	157	1	major	5.0	Omitted Preposition
6	49	8	major	5.0	Word Order
16	22	2	major	5.0	Unit Conversion
12	103	6	major	5.0	Word Order
2	11	3	major	5.0	Addition
12	28	7	critical	10.0	Shouldn't Have Been Translated
11	199	11	major	5.0	Word Order
3	9	3	major	5.0	Addition
14	32	1	major	5.0	Omitted Preposition
3	12	7	critical	10.0	Shouldn't Have Been Translated
15	18	5	major	5.0	Agreement
10	34	2	critical	10.0	Untranslated
11	94	8	critical	10.0	Shouldn't Have Been Translated
10	96	5	major	5.0	POS
6	46	2	major	5.0	Word Order
12	80	6	major	5.0	POS
