segment_id	annotation_start	annotation_length	severity	severity_weight	category
2 2	55 44	2 10	major	5.0	Word Order
2	43	1	major	5.0	Other POS Omitted
2	107	17	major	5.0	POS
2	167	2	major	5.0	Addition
2	41	2	minor	1.0	Wrong Determiner
9	144	12	major	5.0	Overly Literal
12	0	8	major	5.0	Omitted Determiner
11	27	8	major	5.0	Addition
8	132	8	major	5.0	Shouldn't Have Been Translated
4	318	1	minor	1.0	Hyphenation
8	220	2	minor	1.0	Wrong Determiner
0	36	7	major	5.0	Shouldn't Have Been Translated
4	59	2	major	5.0	Addition
4 4	283 294	10 15	major	5.0	Word Order
4 4	319 260	7 1	major	5.0	Word Order
4 4	33 11	5 1	major	5.0	Word Order
8 8	141 131	7 1	major	5.0	Word Order
5	17	2	major	5.0	Addition
3	63	3	major	5.0	Addition
8	238	2	minor	1.0	Wrong Determiner
0 0	51 30	6 1	major	5.0	Word Order
12	60	8	major	5.0	Lexical Selection
4	327	6	major	5.0	Overly Literal
11 11	19 0	7 1	major	5.0	Word Order
5	0	5	major	5.0	Omitted Determiner
2 2	161 170	5 5	minor	1.0	Agreement
0	44	6	major	5.0	Shouldn't Have Been Translated
2 2	89 106	10 1	major	5.0	Word Order
2	84	4	major	5.0	Shouldn't Have Been Translated
10	37	2	major	5.0	Wrong Preposition
6	58	5	major	5.0	Wrong Preposition
9	52	9	minor	1.0	Lexical Selection
8	110	2	major	5.0	POS
8 8	102 113	7 10	major	5.0	Word Order
2 2	29 32	2 3	major	5.0	Word Order
9	24	11	major	5.0	Untranslated
3	66	4	major	5.0	Shouldn't Have Been Translated
4	161	1	major	5.0	Omitted Determiner
2	73	1	major	5.0	Omitted Determiner
2	100	6	major	5.0	POS
12	68	1	major	5.0	Omitted Preposition
8	93	5	major	5.0	Untranslated
9	20	4	major	5.0	Overly Literal
