segment_id	annotation_start	annotation_length	severity	severity_weight	category
2	227	1	major	5.0	Omitted Preposition
2 2	308 300	9 7	major	5.0	Word Order
2	322	6	major	5.0	Agreement
2	273	10	minor	1.0	Capitalization
2	194	8	minor	1.0	Capitalization
2	106	7	major	5.0	Lexical Selection
2	166	8	major	5.0	Lexical Selection
2	228	9	major	5.0	Tense/Mood/Aspect
2	239	10	major	5.0	Untranslated
2	258	5	major	5.0	Lexical Selection
2 2 2	17 25 0	7 5 8	major	5.0	Agreement
2	124	2	major	5.0	Untranslated
0	17	1	major	5.0	Omitted Preposition
2	119	4	major	5.0	Untranslated
2	175	1	major	5.0	Omitted Determiner
0	18	7	minor	1.0	Capitalization
2	257	1	major	5.0	Omitted Determiner
2	128	2	major	5.0	Addition
2	142	7	major	5.0	Lexical Selection
2	49	1	major	5.0	Omitted Preposition
2	8	1	major	5.0	Omitted Preposition
2	9	7	minor	1.0	Capitalization
2	61	11	major	5.0	Lexical Selection
