segment_id	annotation_start	annotation_length	severity	severity_weight	category
11	154	1	major	5.0	Omitted Determiner
10	21	10	major	5.0	Word Order
2	124	4	major	5.0	Lexical Selection
11	24	1	major	5.0	Omitted Preposition
14	94	7	major	5.0	Lexical Selection
0	26	1	major	5.0	Omitted Preposition
4	287	2	major	5.0	Wrong Determiner
17	290	19	major	5.0	Word Order
12	170	1	major	5.0	Omitted Determiner
17	63	13	major	5.0	Word Order
14	58	6	major	5.0	POS
6	94	1	major	5.0	Omitted Preposition
16	185	2	major	5.0	Wrong Determiner
12	234	5	major	5.0	Omitted Determiner
11	140	3	major	5.0	Wrong Determiner
5	22	6	major	5.0	Agreement
2	102	15	major	5.0	Word Order
11	228	9	major	5.0	Agreement
5	56	7	major	5.0	Tense/Mood/Aspect
2	0	6	major	5.0	Omitted Determiner
6	49	14	major	5.0	Lexical Selection
18	266	11	critical	10.0	Untranslated
12	242	1	major	5.0	Omitted Determiner
10	277	2	major	5.0	Omitted Preposition
14	85	8	major	5.0	Lexical Selection
13	158	1	major	5.0	Omitted Preposition
10	279	3	major	5.0	POS
10	85	9	major	5.0	POS
11	94	1	major	5.0	Omitted Determiner
12	218	1	major	5.0	Omitted Determiner
5	164	9	major	5.0	POS
3	47	1	major	5.0	Omitted Preposition
18	172	11	major	5.0	Lexical Selection
17	263	2	major	5.0	Over-translation
10	69	8	major	5.0	Agreement
2	152	9	major	5.0	Tense/Mood/Aspect
11	129	10	major	5.0	POS
16	124	3	major	5.0	Wrong Determiner
17	414	2	major	5.0	Over-translation
4 4	135 130	1 2	major	5.0	Wrong Determiner
10	386	8	major	5.0	POS
17	228	9	major	5.0	Tense/Mood/Aspect
2	48	8	major	5.0	POS
18	33	1	major	5.0	Omitted Preposition
14	84	1	major	5.0	Omitted Determiner
16	53	10	major	5.0	Lexical Selection
13	73	20	major	5.0	Word Order
12	208	9	major	5.0	Under-translation
15	149	5	major	5.0	Word Order
10	385	1	major	5.0	Omitted Preposition
18	98	7	major	5.0	Tense/Mood/Aspect
9	32	1	major	5.0	Omitted Pronoun
17	185	5	major	5.0	Omitted Determiner
12	178	28	major	5.0	Lexical Selection
15	11	12	major	5.0	Agreement
11	201	9	major	5.0	Agreement
11	72	2	major	5.0	Wrong Determiner
9	18	6	major	5.0	Wrong Determiner
12	46	14	major	5.0	Lexical Selection
18	37	2	major	5.0	Wrong Preposition
17	225	2	major	5.0	Wrong Pronoun
4	133	1	major	5.0	Word Order
12	207	1	major	5.0	Omitted Determiner
11	104	1	major	5.0	Omitted Determiner
3	23	7	major	5.0	Lexical Selection
17	149	10	major	5.0	POS
14	116	6	major	5.0	Wrong Preposition
17	160	1	major	5.0	Omitted Determiner
2	47	1	major	5.0	Omitted Preposition
