segment_id	annotation_start	annotation_length	severity	severity_weight	category
6	14	8	major	5.0	Agreement
3	89	1	major	5.0	Omitted Preposition
3	82	2	major	5.0	Wrong Preposition
6	35	9	major	5.0	Lexical Selection
0	32	12	critical	10.0	Shouldn't Have Been Translated
3	56	4	critical	10.0	Untranslated
3	146	7	major	5.0	Agreement
0	45	11	critical	10.0	Shouldn't Have Been Translated
2	48	8	critical	10.0	Shouldn't Have Been Translated
0	63	6	critical	10.0	Shouldn't Have Been Translated
0	23	8	critical	10.0	Shouldn't Have Been Translated
2	87	9	critical	10.0	Shouldn't Have Been Translated
3	27	22	major	5.0	Word Order
6	3	10	critical	10.0	Untranslated
3	50	5	critical	10.0	Untranslated
2	73	13	critical	10.0	Shouldn't Have Been Translated
4	56	8	major	5.0	Lexical Selection
5 5	49 5	11 43	major	5.0	Word Order
0	11	11	critical	10.0	Shouldn't Have Been Translated
0	56	4	major	5.0	Addition
0	70	8	critical	10.0	Shouldn't Have Been Translated
5	0	4	major	5.0	POS
0	60	2	major	5.0	Addition
