segment_id	annotation_start	annotation_length	severity	severity_weight	category
20	189	8	major	5.0	POS
15	64	2	major	5.0	Wrong Preposition
11	71	1	major	5.0	Omitted Pronoun
13	117	6	major	5.0	Lexical Selection
11	130	4	major	5.0	Lexical Selection
5	215	3	major	5.0	Wrong Determiner
18	235	13	major	5.0	Lexical Selection
5	42	31	major	5.0	Word Order
19	0	9	major	5.0	Omitted Determiner
5	206	8	major	5.0	Tense/Mood/Aspect
21	78	11	major	5.0	Word Order
15	9	10	major	5.0	Lexical Selection
4	73	1	major	5.0	Omitted Preposition
20	127	4	major	5.0	Agreement
6	41	11	major	5.0	Lexical Selection
12	18	5	major	5.0	Agreement
10	93	5	major	5.0	Lexical Selection
18	42	7	major	5.0	Lexical Selection
4	74	17	major	5.0	Overly Literal
7	192	23	major	5.0	Word Order
2	112	3	major	5.0	Wrong Preposition
7	131	4	major	5.0	Wrong Determiner
18	226	9	major	5.0	Word Order
4	0	17	major	5.0	Word Order
11	107	13	major	5.0	Word Order
15	37	7	major	5.0	Lexical Selection
20	14	14	major	5.0	Lexical Selection
2	115	4	major	5.0	Lexical Selection
2	6	8	major	5.0	Agreement
20	277	20	major	5.0	Overly Literal
19 19 19	91 100 70	8 13 10	major	5.0	Word Order
11	148	24	major	5.0	Overly Literal
10	47	5	major	5.0	Lexical Selection
4	104	3	major	5.0	Wrong Determiner
10	99	16	major	5.0	Overly Literal
4	23	11	major	5.0	Unidiomatic
20	33	9	major	5.0	Lexical Selection
6	23	5	major	5.0	Lexical Selection
11	38	7	major	5.0	Agreement
7	159	12	major	5.0	Word Order
11	121	1	major	5.0	Omitted Determiner
11	174	1	major	5.0	Omitted Determiner
4	92	1	major	5.0	Omitted Determiner
13 13 13 13 13 13 13 13	184 290 495 529 578 545 596 610	5 21 16 8 13 17 9 11	critical	10.0	Untranslated
5	205	1	major	5.0	Omitted Pronoun
4	108	22	major	5.0	Unidiomatic
13	105	8	major	5.0	Lexical Selection
13	140	4	major	5.0	Lexical Selection
10	57	1	major	5.0	Omitted Preposition
7	143	8	major	5.0	Agreement
20	136	9	major	5.0	Tense/Mood/Aspect
5	6	32	major	5.0	Word Order
6	144	12	major	5.0	Lexical Selection
13	79	7	major	5.0	POS
11	184	2	major	5.0	Omitted Determiner
19	84	6	major	5.0	Tense/Mood/Aspect
6	53	8	major	5.0	Word Order
13 13	358 381	10 14	critical	10.0	Untranslated
13	39	5	major	5.0	Word Order
11	186	24	major	5.0	Overly Literal
17	19	6	major	5.0	Lexical Selection
19	35	7	major	5.0	Agreement
9	213	2	major	5.0	Wrong Preposition
20	231	27	major	5.0	Word Order
10	53	4	critical	10.0	Untranslated
6	64	7	major	5.0	Lexical Selection
4	183	7	major	5.0	Lexical Selection
7	96	4	major	5.0	Wrong Preposition
20	198	3	major	5.0	Wrong Pronoun
13	148	6	major	5.0	Over-translation
13	0	6	major	5.0	Omitted Determiner
20	263	4	critical	10.0	Untranslated
20	202	8	major	5.0	Lexical Selection
