segment_id	annotation_start	annotation_length	severity	severity_weight	category
5	455	5	critical	10.0	Untranslated
5	500	7	critical	10.0	Untranslated
5	373	6	critical	10.0	Untranslated
5	332	6	critical	10.0	Untranslated
2	45	7	critical	10.0	Untranslated
5	461	6	major	5.0	Lexical Selection
5	338	5	critical	10.0	Untranslated
4	63	5	major	5.0	Lexical Selection
4	77	6	major	5.0	Agreement
5	145	3	major	5.0	Wrong Preposition
5	394	5	critical	10.0	Untranslated
3	25	1	major	5.0	Omitted Pronoun
5	481	6	critical	10.0	Untranslated
4	193	17	major	5.0	Overly Literal
4	115	6	major	5.0	Lexical Selection
0	17	9	critical	10.0	Untranslated
5	593	12	critical	10.0	Untranslated
0	27	5	critical	10.0	Untranslated
3	79	6	major	5.0	Lexical Selection
5	106	13	major	5.0	Agreement
5	587	6	critical	10.0	Untranslated
5	450	5	major	5.0	Lexical Selection
2	144	10	major	5.0	Lexical Selection
5	507	9	critical	10.0	Untranslated
2	20	12	major	5.0	Overly Literal
2	72	12	major	5.0	Lexical Selection
5	417	5	critical	10.0	Untranslated
4	156	6	major	5.0	Lexical Selection
5	400	6	major	5.0	Lexical Selection
5	473	8	critical	10.0	Untranslated
5	284	8	major	5.0	Wrong Conjunction
5	582	4	major	5.0	Agreement
5	543	16	major	5.0	Overly Literal
4	249	1	major	5.0	Other POS Omitted
4	215	14	major	5.0	Lexical Selection
5	406	9	major	5.0	Lexical Selection
5	328	3	critical	10.0	Untranslated
5	313	2	major	5.0	Wrong Determiner
5	45	12	major	5.0	Overly Literal
5	389	5	critical	10.0	Untranslated
5	17	2	major	5.0	Wrong Preposition
4	166	7	major	5.0	Lexical Selection
5	535	8	critical	10.0	Untranslated
5	319	8	major	5.0	Word Order
4	322	1	major	5.0	Omitted Preposition
2	33	11	major	5.0	Overly Literal
5	98	7	major	5.0	Lexical Selection
4	125	4	major	5.0	Lexical Selection
5	380	8	major	5.0	Word Order
4	266	8	major	5.0	Lexical Selection
5	422	6	critical	10.0	Untranslated
4	319	3	major	5.0	Wrong Determiner
2	85	2	major	5.0	Wrong Preposition
4	305	7	major	5.0	Lexical Selection
2	158	10	major	5.0	Lexical Selection
5	531	4	critical	10.0	Untranslated
4	75	1	major	5.0	Punctuation
4	122	2	major	5.0	Wrong Preposition
5	293	2	major	5.0	Wrong Pronoun
5	315	4	critical	10.0	Untranslated
5	614	5	critical	10.0	Untranslated
4	335	11	major	5.0	Word Order
0	0	5	major	5.0	Lexical Selection
4	230	10	major	5.0	Lexical Selection
5	415	2	critical	10.0	Untranslated
5	606	8	critical	10.0	Untranslated
3	49	2	major	5.0	Wrong Preposition
5	296	7	major	5.0	Tense/Mood/Aspect
