segment_id	annotation_start	annotation_length	severity	severity_weight	category
0	5	10	critical	10.0	Shouldn't Have Been Translated
2	181	9	major	5.0	Lexical Selection
3	59	7	minor	1.0	Capitalization
2	156	10	critical	10.0	Shouldn't Have Been Translated
2	92	1	major	5.0	Omitted Conjunction
4	112	8	critical	10.0	Untranslated
4	156	1	major	5.0	Omitted Preposition
2	236	12	major	5.0	Agreement
2	100	5	major	5.0	Word Order
4	166	21	major	5.0	Word Order
3	0	1	major	5.0	Omitted Determiner
0	20	4	major	5.0	Word Order
3 3	75 87	11 10	major	5.0	Word Order
3	58	1	major	5.0	Omitted Determiner
4	2	10	major	5.0	Lexical Selection
3	42	16	major	5.0	POS
2	97	1	major	5.0	Omitted Auxiliary Verb
2	98	2	major	5.0	Word Order
2	4	2	major	5.0	Wrong Pronoun
0	32	7	critical	10.0	Untranslated
2	174	7	major	5.0	Word Order
0	25	6	major	5.0	Word Order
3	74	1	major	5.0	Omitted Determiner
4	251	10	minor	1.0	Whitespace
3	142	2	major	5.0	Addition
3	130	3	major	5.0	Agreement
2	105	1	major	5.0	Other POS Omitted
3	134	7	major	5.0	POS
2	7	4	major	5.0	Lexical Selection
4	120	4	critical	10.0	Untranslated
3	153	6	major	5.0	Word Order
