segment_id	annotation_start	annotation_length	severity	severity_weight	category
9	276	2	major	5.0	Addition
9	246	5	major	5.0	Lexical Selection
0	27	5	major	5.0	Word Order
9	36	5	major	5.0	Word Order
4	11	2	major	5.0	Addition
4	14	20	major	5.0	Word Order
9	193	10	major	5.0	Word Order
0	15	3	major	5.0	Addition
9	106	5	major	5.0	Lexical Selection
7	0	6	critical	10.0	Untranslated
9	111	1	major	5.0	Other POS Omitted
4	0	10	major	5.0	POS
9	279	1	major	5.0	Addition
9	192	1	major	5.0	Omitted Preposition
9	98	7	major	5.0	Word Order
9	174	1	major	5.0	Omitted Preposition
8	101	5	major	5.0	Lexical Selection
9	14	4	critical	10.0	Untranslated
0	5	3	major	5.0	Addition
9	204	2	major	5.0	Addition
8	95	5	major	5.0	Agreement
0	18	8	critical	10.0	Shouldn't Have Been Translated
9 9	77 87	9 8	major	5.0	Word Order
9	207	6	major	5.0	POS
9	20	3	critical	10.0	Untranslated
