segment_id	annotation_start	annotation_length	severity	severity_weight	category
10	63	1	major	5.0	Other POS Omitted
15	291	1	minor	1.0	Hyphenation
8	340	9	major	5.0	Lexical Selection
6	46	1	major	5.0	Omitted Determiner
8	251	7	major	5.0	Lexical Selection
15	198	3	major	5.0	Wrong Pronoun
14 14	70 81	10 32	major	5.0	Word Order
13	344	17	major	5.0	Overly Literal
15	67	1	major	5.0	Omitted Preposition
13	211	10	major	5.0	Lexical Selection
13	126	2	minor	1.0	Whitespace
15	68	7	major	5.0	Lexical Selection
10	37	6	major	5.0	Lexical Selection
6	58	6	major	5.0	Addition
7	56	4	major	5.0	Lexical Selection
15	14	14	major	5.0	Lexical Selection
15	202	8	major	5.0	POS
11	141	1	major	5.0	Other POS Omitted
5 5	51 44	7 1	major	5.0	Word Order
12 12	4 52	6 9	major	5.0	Agreement
13	235	13	major	5.0	Lexical Selection
3	80	7	major	5.0	Unit Conversion
13	53	2	major	5.0	Addition
8	208	1	major	5.0	Omitted Conjunction
11	142	3	major	5.0	Wrong Preposition
10	0	2	major	5.0	Wrong Determiner
15	189	8	major	5.0	POS
2	141	12	major	5.0	Tense/Mood/Aspect
6	18	3	major	5.0	Wrong Determiner
14	43	4	major	5.0	Addition
8	266	4	major	5.0	Untranslated
10	107	1	major	5.0	Word Order
0 0 0	28 8 0	24 19 7	major	5.0	Word Order
2 2	45 33	4 11	major	5.0	Word Order
4	64	8	major	5.0	Tense/Mood/Aspect
15	259	3	major	5.0	Wrong Pronoun
7 7	11 26	14 16	major	5.0	Word Order
6	7	5	major	5.0	Lexical Selection
6 6	65 47	7 10	major	5.0	Word Order
5	32	10	major	5.0	POS
15 15	292 284	5 7	major	5.0	Word Order
13	222	3	major	5.0	Wrong Pronoun
15	263	4	major	5.0	Untranslated
4 4 4	40 28 95	7 8 10	major	5.0	Agreement
7	10	1	major	5.0	Other POS Omitted
2	182	1	major	5.0	Omitted Preposition
2	154	2	major	5.0	Addition
11	148	11	major	5.0	Lexical Selection
14	35	7	major	5.0	Lexical Selection
8	280	1	major	5.0	Omitted Preposition
10 10	30 43	6 1	major	5.0	Word Order
15 15	127 136	4 9	major	5.0	Tense/Mood/Aspect
2	31	2	major	5.0	Addition
3	176	1	major	5.0	Omitted Preposition
5	45	5	major	5.0	Lexical Selection
8	271	3	major	5.0	Addition
13	248	2	minor	1.0	Whitespace
14	0	9	major	5.0	Omitted Determiner
15	230	1	major	5.0	Omitted Determiner
12	19	6	major	5.0	Lexical Selection
10	102	1	major	5.0	Wrong Preposition
13	226	8	major	5.0	Word Order
4 4 4	20 37 47	7 2 1	major	5.0	Word Order
12	99	2	major	5.0	Addition
15	33	9	major	5.0	Lexical Selection
8	221	10	major	5.0	Lexical Selection
16	93	8	major	5.0	Lexical Selection
16 16	79 56	10 20	major	5.0	Word Order
