segment_id	annotation_start	annotation_length	severity	severity_weight	category
10	48	1	major	5.0	Wrong Determiner
19	107	3	major	5.0	Over-translation
17	41	26	major	5.0	Overly Literal
17	21	11	major	5.0	Overly Literal
14	38	31	major	5.0	Word Order
12	92	6	major	5.0	Agreement
3	16	5	major	5.0	Word Order
10	201	8	critical	10.0	Untranslated
3	32	7	major	5.0	Word Order
22	169	6	major	5.0	Lexical Selection
10	27	1	major	5.0	Omitted Determiner
18	60	10	major	5.0	Lexical Selection
10	38	6	major	5.0	Over-translation
25	9	12	major	5.0	Word Order
7	257	6	major	5.0	Word Order
21	52	6	major	5.0	Lexical Selection
13	212	2	major	5.0	Over-translation
20	179	1	major	5.0	Omitted Preposition
26	50	3	critical	10.0	Untranslated
8	52	8	major	5.0	Tense/Mood/Aspect
0	21	34	major	5.0	Word Order
11	125	8	major	5.0	Word Order
24	126	15	major	5.0	Overly Literal
6	126	10	major	5.0	Overly Literal
3	2	1	major	5.0	Omitted Preposition
7	60	5	minor	1.0	Word Order
14	100	1	major	5.0	Omitted Determiner
25	22	5	major	5.0	Lexical Selection
7	447	28	major	5.0	Overly Literal
13	27	6	major	5.0	Agreement
2	63	3	major	5.0	Over-translation
17	163	7	major	5.0	Lexical Selection
13	54	14	major	5.0	Lexical Selection
16	142	17	major	5.0	Overly Literal
19	0	16	major	5.0	Lexical Selection
16	63	3	major	5.0	Wrong Determiner
7	476	1	major	5.0	Omitted Determiner
24	71	38	major	5.0	Overly Literal
25	81	1	major	5.0	Omitted Preposition
24	56	14	major	5.0	Overly Literal
21	69	11	major	5.0	Lexical Selection
8	174	1	major	5.0	Omitted Pronoun
17	214	10	major	5.0	Lexical Selection
20	0	2	major	5.0	Wrong Pronoun
26	133	8	major	5.0	Lexical Selection
6	300	41	major	5.0	Overly Literal
5	63	20	major	5.0	Overly Literal
18	38	5	major	5.0	Lexical Selection
16	67	10	critical	10.0	Untranslated
9	143	17	major	5.0	Word Order
7	106	7	major	5.0	Agreement
28	45	7	critical	10.0	Under-translation
7	89	8	major	5.0	Word Order
9	29	18	major	5.0	Overly Literal
28	62	4	critical	10.0	Under-translation
10	104	14	major	5.0	Agreement
10	210	2	major	5.0	Wrong Preposition
20	188	1	major	5.0	Omitted Conjunction
7	488	1	major	5.0	Omitted Preposition
16	40	1	major	5.0	Omitted Determiner
26	56	1	major	5.0	Omitted Conjunction
6	21	9	major	5.0	Lexical Selection
13	44	1	major	5.0	Omitted Determiner
20	129	25	major	5.0	Word Order
25	39	13	major	5.0	Lexical Selection
10	90	2	major	5.0	Wrong Preposition
18	0	5	major	5.0	Omitted Determiner
7	73	1	major	5.0	Omitted Preposition
10	235	2	major	5.0	Omitted Preposition
13	91	12	major	5.0	Overly Literal
8	64	7	critical	10.0	Untranslated
2	134	11	major	5.0	Overly Literal
16	106	13	major	5.0	Agreement
20	37	7	major	5.0	Tense/Mood/Aspect
3	0	2	major	5.0	Agreement
6	286	6	major	5.0	Lexical Selection
7	264	1	major	5.0	Omitted Determiner
6	0	16	major	5.0	Overly Literal
13	70	13	major	5.0	POS
13	191	10	major	5.0	Lexical Selection
24	118	7	major	5.0	Omitted Preposition
8	122	6	major	5.0	Agreement
22	32	5	major	5.0	Lexical Selection
13	177	6	major	5.0	Omitted Determiner
6	141	15	major	5.0	Overly Literal
10	85	4	major	5.0	POS
20	31	6	major	5.0	Wrong Pronoun
21	9	2	major	5.0	Over-translation
14	91	8	major	5.0	Lexical Selection
3	22	9	major	5.0	Word Order
9	131	5	major	5.0	Lexical Selection
17	109	10	major	5.0	Agreement
11	100	1	major	5.0	Omitted Determiner
7 7 7 7 7	309 325 341 360 378	15 12 18 14 15	critical	10.0	Untranslated
5	112	45	major	5.0	Overly Literal
20	79	1	major	5.0	Omitted Pronoun
17	0	6	major	5.0	Omitted Determiner
28	91	8	major	5.0	Lexical Selection
15	32	10	major	5.0	POS
4	222	38	major	5.0	Overly Literal
28	39	1	major	5.0	Omitted Conjunction
26	95	1	major	5.0	Omitted Determiner
6	115	10	critical	10.0	Shouldn't Have Been Translated
4	116	8	major	5.0	Omitted Determiner
6	200	1	major	5.0	Omitted Preposition
27	61	5	major	5.0	Omitted Determiner
3	89	5	major	5.0	Lexical Selection
26	273	1	major	5.0	Omitted Preposition
19	80	10	major	5.0	Lexical Selection
15	10	21	major	5.0	Word Order
19	91	7	major	5.0	Word Order
7	98	7	major	5.0	Word Order
4	147	1	major	5.0	Omitted Determiner
2	75	16	major	5.0	Word Order
7	282	1	major	5.0	Omitted Determiner
11	137	12	major	5.0	Overly Literal
20	52	15	major	5.0	Word Order
6	246	6	major	5.0	Agreement
14	101	21	major	5.0	Word Order
28	114	1	major	5.0	Omitted Preposition
9	224	1	major	5.0	Omitted Conjunction
12	46	20	major	5.0	Overly Literal
10	62	4	major	5.0	Omitted Preposition
26	102	2	major	5.0	Wrong Preposition
21	14	1	major	5.0	Omitted Preposition
25	27	1	major	5.0	Omitted Determiner
14	80	1	major	5.0	Omitted Preposition
21	15	6	major	5.0	Word Order
29	22	1	major	5.0	Omitted Preposition
29	57	9	major	5.0	Lexical Selection
21	105	5	major	5.0	Agreement
7	217	1	major	5.0	Omitted Determiner
13	114	8	major	5.0	Omitted Preposition
15	9	1	major	5.0	Omitted Determiner
26	86	9	major	5.0	Lexical Selection
16	186	8	major	5.0	Lexical Selection
20	207	2	major	5.0	Wrong Preposition
9	299	10	major	5.0	Overly Literal
21	81	9	major	5.0	Overly Literal
21	24	1	major	5.0	Under-translation
16	48	3	major	5.0	Wrong Determiner
6	262	4	major	5.0	Lexical Selection
13	127	1	major	5.0	Omitted Determiner
22	112	10	critical	10.0	Untranslated
26	235	6	major	5.0	Agreement
24	149	6	major	5.0	Unidiomatic
20	15	9	major	5.0	Lexical Selection
4	184	31	major	5.0	Overly Literal
2	67	8	major	5.0	Agreement
7	273	1	major	5.0	Omitted Determiner
3	86	2	major	5.0	Wrong Preposition
11	50	1	major	5.0	Omitted Determiner
11	15	30	major	5.0	Word Order
25	38	1	major	5.0	Omitted Determiner
