segment_id	annotation_start	annotation_length	severity	severity_weight	category
0 0	41 68	7 1	major	5.0	Word Order
2 2	66 126	7 1	major	5.0	Word Order
3	179	1	major	5.0	Omitted Preposition
3 3	22 12	7 9	major	5.0	Word Order
2 0	111 56	15 12	major	5.0	Inconsistency
5	59	2	major	5.0	Wrong Preposition
3	32	1	major	5.0	Omitted Preposition
3	0	6	major	5.0	Tense/Mood/Aspect
2	105	6	major	5.0	Lexical Selection
5	109	2	minor	1.0	Wrong Determiner
3 3	42 36	7 5	major	5.0	Word Order
2 0 0	97 0 13	7 10 7	minor	1.0	Agreement
0	11	1	major	5.0	Wrong Preposition
3	231	5	minor	1.0	Overly Literal
5	74	2	major	5.0	Wrong Preposition
3	110	6	major	5.0	False Friend
0	20	1	major	5.0	Omitted Preposition
3	135	3	major	5.0	Wrong Preposition
3	138	1	major	5.0	Omitted Preposition
3	190	1	major	5.0	Other POS Omitted
4	3	5	major	5.0	False Friend
