segment_id	annotation_start	annotation_length	severity	severity_weight	category
3	17	1	major	5.0	Omitted Determiner
4	247	1	major	5.0	Other POS Omitted
2	63	11	major	5.0	POS
0 0	14 19	4 7	major	5.0	Word Order
0	37	6	major	5.0	Untranslated
4	237	10	major	5.0	Overly Literal
4	255	1	major	5.0	Other POS Omitted
0	0	10	minor	1.0	Capitalization
0 0	27 10	9 1	major	5.0	Word Order
4	39	7	major	5.0	Shouldn't Have Been Translated
2	56	6	major	5.0	Lexical Selection
2	62	1	major	5.0	Omitted Determiner
4	118	5	major	5.0	False Friend
2	82	1	major	5.0	Other POS Omitted
4	219	2	major	5.0	Wrong Preposition
4	228	1	major	5.0	Other POS Omitted
2	88	2	major	5.0	Wrong Preposition
4	208	10	major	5.0	Overly Literal
3 3	0 43	17 1	major	5.0	Word Order
4	105	2	major	5.0	Wrong Preposition
4	23	10	minor	1.0	Capitalization
4	123	1	major	5.0	Omitted Preposition
2	90	1	major	5.0	Omitted Determiner
