segment_id	annotation_start	annotation_length	severity	severity_weight	category
2	18	8	major	5.0	Lexical Selection
11 11	31 7	7 9	major	5.0	Inconsistency
8	38	1	major	5.0	Omitted Preposition
13	203	8	major	5.0	Lexical Selection
9 10	7 3	9 9	major	5.0	Inconsistency
6	203	8	major	5.0	Lexical Selection
11	82	3	minor	1.0	Wrong Determiner
11	39	2	major	5.0	Wrong Determiner
8	0	5	major	5.0	Addition
6	141	9	minor	1.0	Under-translation
0	14	20	major	5.0	Shouldn't Have Been Translated
13	190	9	major	5.0	Under-translation
11	58	6	major	5.0	Lexical Selection
6	190	9	major	5.0	Under-translation
2 2	44 54	3 1	major	5.0	Word Order
11	54	4	major	5.0	Wrong Preposition
2 2	48 61	6 13	major	5.0	Shouldn't Have Been Translated
12	0	3	major	5.0	Other POS Omitted
3	38	1	major	5.0	Omitted Determiner
0	80	14	major	5.0	Untranslated
4 4	28 9	7 10	minor	1.0	Agreement
0 0	35 74	13 5	major	5.0	Word Order
8	28	1	major	5.0	Omitted Preposition
8	29	9	major	5.0	POS
2 2	55 74	6 1	major	5.0	Word Order
8	9	1	major	5.0	Other POS Omitted
13	46	1	major	5.0	Omitted Determiner
5 5	9 0	11 8	major	5.0	Word Order
0 0	49 34	3 1	major	5.0	Word Order
8 8	6 17	3 1	major	5.0	Word Order
0	52	1	major	5.0	Other POS Omitted
13 13	58 47	8 11	major	5.0	Word Order
6 6	58 47	8 11	major	5.0	Word Order
3	39	6	major	5.0	False Friend
6	46	1	major	5.0	Omitted Determiner
13	141	9	minor	1.0	Under-translation
3	11	4	major	5.0	Untranslated
0 0	66 48	7 1	major	5.0	Word Order
