segment_id	annotation_start	annotation_length	severity	severity_weight	category
7	166	3	major	5.0	Wrong Preposition
3	264	1	major	5.0	Addition
2	4	16	major	5.0	Word Order
3	266	10	major	5.0	Word Order
2	64	8	critical	10.0	Shouldn't Have Been Translated
5	95	9	major	5.0	POS
3	237	7	major	5.0	POS
2	79	3	critical	10.0	Shouldn't Have Been Translated
2	42	5	major	5.0	POS
3	33	1	major	5.0	Wrong Preposition
2	0	3	major	5.0	Agreement
2	29	10	major	5.0	POS
3	80	10	major	5.0	Lexical Selection
3	182	11	major	5.0	Whitespace
3	111	4	major	5.0	Agreement
3	244	1	major	5.0	Omitted Determiner
7	33	1	major	5.0	Omitted Determiner
3	64	10	major	5.0	Agreement
3	255	8	major	5.0	Word Order
6 6	100 72	16 27	major	5.0	Word Order
5	54	2	major	5.0	Addition
3	91	4	major	5.0	Word Order
2	87	16	major	5.0	POS
3	254	1	major	5.0	Omitted Preposition
7	17	1	major	5.0	Omitted Determiner
5 5 5 5	105 86 89 92	3 3 2 2	major	5.0	Addition
3	245	9	major	5.0	Lexical Selection
6	46	1	major	5.0	Omitted Preposition
3	159	6	major	5.0	Tense/Mood/Aspect
2	73	5	critical	10.0	Shouldn't Have Been Translated
5	65	4	major	5.0	Wrong Preposition
2	21	6	major	5.0	Agreement
2	40	1	major	5.0	Addition
2	83	3	major	5.0	Word Order
3	178	3	major	5.0	Addition
5	56	1	major	5.0	Omitted Determiner
6	37	9	critical	10.0	Untranslated
6	25	8	major	5.0	POS
2	48	5	major	5.0	Word Order
