segment_id	annotation_start	annotation_length	severity	severity_weight	category
28	61	2	major	5.0	Wrong Preposition
19	47	3	critical	10.0	Untranslated
15	141	6	major	5.0	Lexical Selection
6	317	2	major	5.0	Wrong Preposition
12	262	1	major	5.0	Other POS Omitted
9	129	3	major	5.0	Wrong Preposition
6	414	1	major	5.0	Omitted Preposition
30	119	2	major	5.0	Wrong Determiner
5	86	7	major	5.0	Agreement
25	178	4	major	5.0	Unidiomatic
30	217	2	critical	10.0	Untranslated
4	90	8	major	5.0	Lexical Selection
31	29	1	major	5.0	Omitted Determiner
6	802	9	critical	10.0	Untranslated
3	0	1	major	5.0	Wrong Preposition
12	0	1	major	5.0	Omitted Determiner
21	75	4	major	5.0	Lexical Selection
6	578	5	major	5.0	Agreement
20	64	11	major	5.0	Agreement
25	154	6	critical	10.0	Untranslated
28	54	1	major	5.0	Omitted Determiner
5	44	2	minor	1.0	Wrong Preposition
15	48	6	major	5.0	Overly Literal
15	86	10	major	5.0	Lexical Selection
17	163	2	major	5.0	Wrong Preposition
15	34	2	major	5.0	Wrong Preposition
29	154	15	major	5.0	Overly Literal
19	44	3	major	5.0	Untranslated
9	105	1	major	5.0	Omitted Pronoun
5	292	18	major	5.0	Overly Literal
12	115	1	major	5.0	Omitted Determiner
16	45	3	major	5.0	Overly Literal
9	47	3	major	5.0	Overly Literal
9	150	17	major	5.0	Overly Literal
12	251	3	major	5.0	Wrong Conjunction
20	61	3	major	5.0	Wrong Pronoun
25	144	4	major	5.0	Overly Literal
16	56	5	major	5.0	Lexical Selection
0	18	9	major	5.0	Word Order
15	134	3	major	5.0	Overly Literal
5	0	1	major	5.0	Other POS Omitted
7	0	12	major	5.0	Overly Literal
23	102	6	minor	1.0	Word Order
20	285	2	major	5.0	Wrong Preposition
5	178	1	major	5.0	Omitted Determiner
19	50	5	critical	10.0	Untranslated
11	110	17	major	5.0	Overly Literal
6	0	1	major	5.0	Other POS Omitted
21	126	10	major	5.0	Lexical Selection
20	15	5	major	5.0	Lexical Selection
30	91	7	major	5.0	Lexical Selection
5	145	3	critical	10.0	Untranslated
6	682	5	major	5.0	Word Order
14	63	4	major	5.0	Wrong Preposition
15	24	9	major	5.0	Lexical Selection
24	79	4	major	5.0	Overly Literal
4	62	20	major	5.0	Word Order
29	97	23	major	5.0	Word Order
23	26	1	major	5.0	Wrong Preposition
26	4	1	major	5.0	Other POS Omitted
20	105	9	major	5.0	Agreement
6	129	7	major	5.0	POS
4	99	4	major	5.0	Wrong Preposition
31	103	1	major	5.0	Omitted Preposition
6	48	7	major	5.0	Lexical Selection
3	108	1	major	5.0	Omitted Conjunction
19	18	9	major	5.0	Overly Literal
6	241	9	major	5.0	Lexical Selection
20	0	11	major	5.0	POS
8	181	3	major	5.0	Wrong Conjunction
6	252	5	major	5.0	Lexical Selection
31	58	3	major	5.0	Wrong Pronoun
28	27	7	major	5.0	Lexical Selection
12	214	2	major	5.0	Wrong Preposition
29	147	6	major	5.0	Overly Literal
11	151	6	major	5.0	POS
12	93	5	major	5.0	Lexical Selection
17	166	2	major	5.0	Wrong Determiner
12	106	5	major	5.0	POS
14	98	6	major	5.0	Overly Literal
20	147	13	major	5.0	Overly Literal
4	82	7	major	5.0	POS
25	69	1	major	5.0	Omitted Pronoun
24	83	1	major	5.0	Other POS Omitted
21	107	1	major	5.0	Omitted Determiner
21	57	11	major	5.0	POS
8	118	2	critical	10.0	Untranslated
6	687	5	critical	10.0	Untranslated
3	123	4	major	5.0	Lexical Selection
6	331	9	critical	10.0	Untranslated
5	74	11	major	5.0	Overly Literal
16	0	1	major	5.0	Omitted Determiner
17	177	4	major	5.0	Wrong Preposition
28	50	4	major	5.0	Wrong Preposition
17	182	4	major	5.0	Lexical Selection
6	556	13	major	5.0	Lexical Selection
6	717	3	critical	10.0	Untranslated
30	152	6	major	5.0	Agreement
28	83	5	major	5.0	Lexical Selection
22	25	6	major	5.0	POS
30	209	8	critical	10.0	Untranslated
8	66	6	major	5.0	Lexical Selection
7	140	6	major	5.0	Agreement
31	144	1	major	5.0	Omitted Conjunction
6	589	1	major	5.0	Omitted Determiner
15	55	2	major	5.0	Wrong Preposition
3	121	2	major	5.0	Omitted Preposition
15	148	3	major	5.0	Overly Literal
30	104	11	major	5.0	POS
30	163	1	major	5.0	Omitted Preposition
14 15	104 54	1 1	major	5.0	Other POS Omitted
20	26	1	major	5.0	Omitted Preposition
3	11	3	major	5.0	Wrong Preposition
5	20	2	minor	1.0	Wrong Preposition
2	56	4	major	5.0	Word Order
30	116	3	major	5.0	Wrong Preposition
6	304	12	major	5.0	POS
6	176	19	major	5.0	Overly Literal
8	77	9	major	5.0	Lexical Selection
7	65	1	major	5.0	Omitted Preposition
6	630	7	critical	10.0	Untranslated
6	647	8	critical	10.0	Untranslated
26	0	1	major	5.0	Omitted Determiner
9	104	1	major	5.0	Omitted Preposition
12	216	1	major	5.0	Omitted Determiner
18	29	7	major	5.0	Lexical Selection
30	220	8	major	5.0	POS
30	186	9	major	5.0	Agreement
31	218	9	major	5.0	Lexical Selection
30	205	3	critical	10.0	Untranslated
6	720	8	critical	10.0	Untranslated
12	56	6	major	5.0	Number
8	114	4	critical	10.0	Untranslated
6	548	4	critical	10.0	Untranslated
2	60	1	major	5.0	Other POS Omitted
6	655	10	major	5.0	Word Order
12	169	4	critical	10.0	Untranslated
15	133	1	major	5.0	Other POS Omitted
25	129	3	major	5.0	Wrong Preposition
9	57	4	major	5.0	Lexical Selection
17	69	11	major	5.0	POS
4	60	1	major	5.0	Omitted Preposition
12	237	13	major	5.0	Lexical Selection
6	527	14	major	5.0	Overly Literal
14	109	1	major	5.0	Wrong Auxiliary Verb
8	209	7	major	5.0	Tense/Mood/Aspect
12	324	1	major	5.0	Omitted Determiner
8	140	5	major	5.0	POS
2	110	2	major	5.0	Wrong Preposition
12	323	1	major	5.0	Omitted Preposition
27	65	8	major	5.0	Lexical Selection
6	1	7	major	5.0	Agreement
23	20	5	major	5.0	Agreement
9	149	1	major	5.0	Omitted Pronoun
10	39	1	major	5.0	Wrong Preposition
12	143	8	major	5.0	POS
12	87	5	major	5.0	Word Order
31	174	10	major	5.0	POS
22	93	9	major	5.0	Agreement
6	504	5	major	5.0	Lexical Selection
17	81	3	major	5.0	Wrong Preposition
8	136	3	major	5.0	Wrong Conjunction
29	63	2	major	5.0	Omitted Pronoun
14	31	1	major	5.0	Wrong Preposition
7	134	1	major	5.0	Omitted Determiner
26	23	9	major	5.0	Tense/Mood/Aspect
6	588	1	major	5.0	Omitted Conjunction
6	276	9	major	5.0	Lexical Selection
6	622	8	critical	10.0	Untranslated
15	147	1	major	5.0	Other POS Omitted
12	193	5	major	5.0	Lexical Selection
30	247	3	major	5.0	Wrong Conjunction
23	37	3	major	5.0	Wrong Determiner
14	131	12	major	5.0	Lexical Selection
5	1	7	major	5.0	Agreement
24	67	11	major	5.0	Word Order
6	200	13	major	5.0	Tense/Mood/Aspect
8	123	12	major	5.0	POS
21	150	2	major	5.0	Agreement
20	189	1	major	5.0	Other POS Omitted
6	374	12	major	5.0	Lexical Selection
30	196	7	major	5.0	Word Order
6	461	5	critical	10.0	Untranslated
15	107	3	major	5.0	Wrong Preposition
30	177	2	major	5.0	Omitted Determiner
29	65	8	major	5.0	Lexical Selection
6	509	1	major	5.0	Omitted Preposition
31	145	4	major	5.0	Wrong Preposition
24	59	6	major	5.0	POS
30	179	6	major	5.0	Agreement
8	95	3	major	5.0	Unidiomatic
23	28	8	major	5.0	POS
16	44	1	major	5.0	Other POS Omitted
6	289	11	major	5.0	POS
6	213	1	major	5.0	Other POS Omitted
5	32	2	major	5.0	Wrong Determiner
24	43	3	major	5.0	Agreement
10	27	3	major	5.0	Overly Literal
28	23	3	major	5.0	Agreement
6	729	15	major	5.0	Word Order
20	88	5	major	5.0	Agreement
17	84	4	major	5.0	Word Order
6	319	1	major	5.0	Omitted Determiner
6	711	5	major	5.0	Lexical Selection
16	49	7	major	5.0	POS
12	30	8	minor	1.0	Lexical Selection
6	39	4	critical	10.0	Untranslated
6	510	1	major	5.0	Omitted Determiner
25	7	11	major	5.0	POS
18	38	11	major	5.0	POS
21	152	4	major	5.0	Agreement
5	149	5	major	5.0	POS
10	54	3	major	5.0	Orthography
9	50	1	major	5.0	Omitted Conjunction
23	109	4	major	5.0	Agreement
13	21	20	major	5.0	Overly Literal
6	36	3	critical	10.0	Untranslated
13	43	5	major	5.0	Wrong Conjunction
5	179	7	major	5.0	Lexical Selection
25	148	1	major	5.0	Other POS Omitted
24	78	1	major	5.0	Omitted Determiner
6	257	4	critical	10.0	Untranslated
29	76	2	major	5.0	Omitted Pronoun
20	94	10	major	5.0	Agreement
15	68	4	major	5.0	Lexical Selection
21	157	7	major	5.0	Agreement
25	160	8	critical	10.0	Untranslated
31	77	1	major	5.0	Wrong Pronoun
20	184	5	major	5.0	Overly Literal
28	73	1	major	5.0	Omitted Preposition
6	467	7	major	5.0	Lexical Selection
16	26	5	major	5.0	Agreement
31	78	7	major	5.0	Lexical Selection
