segment_id	annotation_start	annotation_length	severity	severity_weight	category
2	389	1	major	5.0	Omitted Determiner
2	166	93	major	5.0	Overly Literal
2	42	1	major	5.0	Punctuation
2	23	9	major	5.0	Word Order
2	94	7	critical	10.0	Untranslated
2	507	7	major	5.0	Lexical Selection
2	478	14	major	5.0	Lexical Selection
2	470	7	major	5.0	POS
2	103	18	major	5.0	Lexical Selection
2	532	3	critical	10.0	Untranslated
2	493	1	major	5.0	Wrong Preposition
2	290	2	major	5.0	Over-translation
2	317	1	major	5.0	Omitted Determiner
2	261	9	major	5.0	Lexical Selection
