segment_id	annotation_start	annotation_length	severity	severity_weight	category
3	106	7	major	5.0	Lexical Selection
4	154	9	major	5.0	Lexical Selection
4	274	10	major	5.0	Whitespace
3	79	2	major	5.0	Lexical Selection
4	54	7	major	5.0	Wrong Preposition
3 3	35 25	3 9	major	5.0	Word Order
2	144	1	major	5.0	Wrong Preposition
0	32	4	major	5.0	Word Order
3	113	1	major	5.0	Omitted Preposition
4	397	4	major	5.0	Agreement
4	61	1	major	5.0	Omitted Determiner
0	15	1	major	5.0	Omitted Preposition
3	114	6	major	5.0	Capitalization
4	167	2	major	5.0	POS
2	56	6	major	5.0	Lexical Selection
4	208	9	major	5.0	Tense/Mood/Aspect
3	82	5	major	5.0	Agreement
4	221	9	major	5.0	Lexical Selection
3	121	7	major	5.0	Word Order
2	36	3	major	5.0	Wrong Preposition
4	93	2	major	5.0	Addition
2	6	1	major	5.0	Omitted Preposition
4	45	8	major	5.0	Lexical Selection
4	151	2	major	5.0	Agreement
2	133	1	major	5.0	Wrong Preposition
4	218	2	major	5.0	Agreement
4	363	2	major	5.0	Addition
4	92	1	major	5.0	Punctuation
0	24	1	major	5.0	Omitted Preposition
