segment_id	annotation_start	annotation_length	severity	severity_weight	category
2	101	1	major	5.0	Other POS Omitted
6	101	24	major	5.0	Overly Literal
3	112	5	major	5.0	Wrong Preposition
2	131	7	major	5.0	Lexical Selection
6	74	4	major	5.0	Word Order
3	29	8	major	5.0	Word Order
6	56	6	major	5.0	Word Order
6	201	8	critical	10.0	Untranslated
6	8	8	major	5.0	Lexical Selection
4	34	8	major	5.0	POS
5	284	3	major	5.0	Overly Literal
2	114	9	major	5.0	Lexical Selection
3	153	7	major	5.0	Lexical Selection
0	40	1	major	5.0	Omitted Preposition
3	17	11	major	5.0	Lexical Selection
6	53	2	major	5.0	Wrong Determiner
0	41	1	minor	1.0	Capitalization
6	64	6	major	5.0	Word Order
2	105	3	major	5.0	Wrong Determiner
5	17	2	major	5.0	Wrong Preposition
3	16	1	major	5.0	Omitted Preposition
3	40	1	major	5.0	Omitted Determiner
3	209	5	major	5.0	Word Order
6	209	7	critical	10.0	Untranslated
5	176	9	major	5.0	Overly Literal
2	53	1	minor	1.0	Capitalization
4	65	7	critical	10.0	Untranslated
3	179	8	major	5.0	Lexical Selection
6	42	7	major	5.0	Lexical Selection
3	161	2	major	5.0	Wrong Preposition
5	124	10	major	5.0	Lexical Selection
3	193	6	major	5.0	Lexical Selection
0	68	3	major	5.0	Lexical Selection
5	69	10	major	5.0	Lexical Selection
6	83	1	major	5.0	Omitted Determiner
5	31	9	major	5.0	Agreement
3	49	8	major	5.0	POS
3	102	9	major	5.0	Lexical Selection
3	202	6	major	5.0	Lexical Selection
3	38	2	major	5.0	Wrong Preposition
6	71	2	major	5.0	Wrong Preposition
0	49	9	major	5.0	Word Order
2	96	1	major	5.0	Omitted Determiner
2	94	2	major	5.0	Wrong Preposition
5	262	4	major	5.0	Overly Literal
5	138	1	major	5.0	Other POS Omitted
