segment_id	annotation_start	annotation_length	severity	severity_weight	category
4	85	7	critical	10.0	Untranslated
3	40	1	major	5.0	Omitted Preposition
5	78	6	major	5.0	Lexical Selection
4	97	1	major	5.0	Omitted Determiner
4	64	3	major	5.0	Lexical Selection
0	7	56	critical	10.0	Shouldn't Have Been Translated
3	62	11	major	5.0	Word Order
2	65	3	major	5.0	Lexical Selection
2	37	1	major	5.0	Omitted Preposition
2	52	1	major	5.0	Omitted Preposition
6 6	60 65	4 6	major	5.0	Word Order
3	3	5	major	5.0	Lexical Selection
4	59	4	major	5.0	Word Order
3	45	16	major	5.0	Lexical Selection
3	86	1	major	5.0	Omitted Preposition
4	58	1	major	5.0	Omitted Preposition
2	45	1	major	5.0	Omitted Preposition
2	3	34	critical	10.0	Shouldn't Have Been Translated
2	69	7	major	5.0	Word Order
3	41	3	major	5.0	Lexical Selection
3	214	9	critical	10.0	Untranslated
4	123	1	major	5.0	Omitted Determiner
5	53	3	critical	10.0	Untranslated
2	77	8	major	5.0	Word Order
2	129	29	major	5.0	Lexical Selection
2 2	46 38	6 7	major	5.0	Word Order
3	33	7	major	5.0	Word Order
6	59	1	major	5.0	Omitted Preposition
3	8	12	major	5.0	Whitespace
