segment_id	annotation_start	annotation_length	severity	severity_weight	category
21	0	5	major	5.0	Omitted Determiner
8 8	580 715	10 13	critical	10.0	Untranslated
7	32	5	major	5.0	Lexical Selection
3	2	1	major	5.0	Omitted Preposition
5	74	1	major	5.0	Wrong Preposition
15	46	20	major	5.0	Overly Literal
8	671	5	major	5.0	Lexical Selection
2	92	2	major	5.0	Wrong Preposition
6	73	6	major	5.0	Tense/Mood/Aspect
29	50	3	critical	10.0	Untranslated
13	27	1	major	5.0	Omitted Determiner
14	137	12	major	5.0	Overly Literal
19	200	2	major	5.0	Over-translation
23	15	9	major	5.0	Lexical Selection
12	265	11	major	5.0	Unidiomatic
12	142	18	major	5.0	Word Order
23	179	1	major	5.0	Omitted Preposition
3	25	5	major	5.0	Word Order
8	677	1	major	5.0	Omitted Determiner
27	45	16	major	5.0	Overly Literal
10	159	1	major	5.0	Omitted Determiner
19	40	1	major	5.0	Omitted Determiner
2	61	8	major	5.0	Agreement
8	670	1	major	5.0	Omitted Determiner
8	350	15	major	5.0	Lexical Selection
16	114	8	major	5.0	Omitted Preposition
27	118	7	major	5.0	Omitted Preposition
6	301	6	major	5.0	Lexical Selection
10	349	1	major	5.0	Omitted Determiner
12	299	10	major	5.0	Overly Literal
8	17	7	major	5.0	Lexical Selection
26	4	1	major	5.0	Omitted Determiner
23	56	5	major	5.0	Lexical Selection
13	48	2	major	5.0	Wrong Determiner
32	57	9	major	5.0	Lexical Selection
20	0	6	major	5.0	Omitted Determiner
10	361	1	major	5.0	Omitted Preposition
16	212	2	major	5.0	Over-translation
23	128	26	major	5.0	Word Order
7	0	16	major	5.0	Omitted Determiner
6	3	17	major	5.0	Lexical Selection
3	96	15	major	5.0	Unidiomatic
8 8 8 8 8 8 8 8 8 8 8 8 8 8	136 148 176 205 240 275 366 400 454 465 590 620 732 761	11 9 10 18 12 11 9 15 10 9 13 8 12 15	critical	10.0	Untranslated
26	16	1	major	5.0	Omitted Determiner
20	44	6	major	5.0	Lexical Selection
18	100	9	major	5.0	Lexical Selection
14	50	1	major	5.0	Omitted Determiner
6	102	4	major	5.0	Wrong Preposition
8	102	14	major	5.0	False Friend
8	878	4	major	5.0	Omitted Conjunction
7	69	15	major	5.0	Overly Literal
31	62	4	major	5.0	Under-translation
5	137	2	major	5.0	Over-translation
32	67	2	major	5.0	Wrong Determiner
11	174	1	major	5.0	Omitted Pronoun
18	10	21	major	5.0	Word Order
18	9	1	major	5.0	Omitted Determiner
10	320	19	major	5.0	Overly Literal
7	162	1	major	5.0	Omitted Preposition
3	0	2	major	5.0	Agreement
28	81	1	major	5.0	Omitted Preposition
16	177	6	major	5.0	Omitted Determiner
24	69	16	major	5.0	Lexical Selection
5	129	7	major	5.0	Tense/Mood/Aspect
4	210	5	major	5.0	Lexical Selection
23	37	7	major	5.0	Tense/Mood/Aspect
23	207	2	major	5.0	Wrong Preposition
15	126	6	major	5.0	Omitted Determiner
31	115	5	major	5.0	Omitted Determiner
10	90	3	major	5.0	Wrong Pronoun
24	15	6	major	5.0	Word Order
8	261	8	major	5.0	Lexical Selection
14	25	12	major	5.0	Word Order
25	9	3	major	5.0	Agreement
8	804	5	major	5.0	Tense/Mood/Aspect
13	201	8	critical	10.0	Untranslated
8	417	15	major	5.0	Lexical Selection
19	50	13	critical	10.0	Untranslated
27	94	15	major	5.0	Overly Literal
16	127	1	major	5.0	Omitted Determiner
29	273	1	major	5.0	Omitted Preposition
30	61	5	major	5.0	Omitted Determiner
16	191	10	major	5.0	Lexical Selection
12	224	1	major	5.0	Omitted Conjunction
28	39	13	major	5.0	Lexical Selection
29	274	5	major	5.0	Omitted Determiner
16	69	1	major	5.0	Omitted Determiner
11	64	7	critical	10.0	Untranslated
25	169	6	major	5.0	Lexical Selection
16	91	12	major	5.0	Overly Literal
10 10	245 263	14 15	critical	10.0	Untranslated
8	686	1	major	5.0	Omitted Determiner
10	169	1	major	5.0	Omitted Determiner
13	161	1	major	5.0	Omitted Preposition
21	37	6	major	5.0	Lexical Selection
12	29	18	major	5.0	Overly Literal
12	131	5	major	5.0	Lexical Selection
13	62	4	major	5.0	Omitted Preposition
24	9	2	major	5.0	Lexical Selection
25	112	10	major	5.0	Untranslated
31	114	1	major	5.0	Omitted Preposition
5	118	8	major	5.0	Tense/Mood/Aspect
14	100	1	major	5.0	Omitted Determiner
16	63	5	major	5.0	Over-translation
32	22	1	major	5.0	Omitted Preposition
24	52	6	major	5.0	Lexical Selection
28	38	1	major	5.0	Omitted Determiner
4	220	40	major	5.0	Overly Literal
9	37	16	major	5.0	Word Order
14	22	2	major	5.0	Word Order
25	39	3	major	5.0	Agreement
27	126	15	major	5.0	Overly Literal
10	200	1	major	5.0	Omitted Determiner
7	85	14	major	5.0	Word Order
4	116	8	major	5.0	Omitted Determiner
6	315	8	major	5.0	Over-translation
17	100	1	major	5.0	Omitted Determiner
8 8	505 511	5 11	critical	10.0	Untranslated
17	38	31	major	5.0	Word Order
24	65	3	major	5.0	Agreement
28	27	1	major	5.0	Omitted Determiner
7	112	18	major	5.0	Overly Literal
16	27	17	major	5.0	Lexical Selection
6	343	13	major	5.0	Word Order
6	277	4	major	5.0	Lexical Selection
23	14	1	major	5.0	Omitted Determiner
8	678	7	major	5.0	Lexical Selection
15	92	6	major	5.0	Agreement
22	80	10	major	5.0	Lexical Selection
2	74	1	major	5.0	Omitted Conjunction
13	38	6	major	5.0	Over-translation
20	21	11	major	5.0	False Friend
10	51	11	major	5.0	Word Order
31	45	7	major	5.0	Under-translation
20	209	15	major	5.0	Overly Literal
23	62	5	major	5.0	Word Order
27	61	9	major	5.0	Overly Literal
5	63	10	major	5.0	Lexical Selection
22	91	2	major	5.0	Wrong Determiner
29	224	6	critical	10.0	Untranslated
2	0	50	major	5.0	Word Order
30	85	1	major	5.0	Omitted Determiner
8	0	7	major	5.0	Omitted Determiner
5	112	5	major	5.0	Lexical Selection
17	91	8	major	5.0	Lexical Selection
27	142	14	major	5.0	Unidiomatic
19	127	17	major	5.0	Overly Literal
8	911	20	major	5.0	Word Order
13	236	1	major	5.0	Omitted Preposition
24	105	5	major	5.0	Agreement
19	171	8	major	5.0	Lexical Selection
6	196	1	major	5.0	Omitted Determiner
13	85	15	major	5.0	Overly Literal
26	5	8	major	5.0	Lexical Selection
17	101	21	major	5.0	Word Order
25	31	6	major	5.0	Lexical Selection
20	109	11	major	5.0	Agreement
31	39	1	major	5.0	Omitted Conjunction
30	98	1	major	5.0	Omitted Determiner
4	147	1	major	5.0	Omitted Determiner
28	9	12	major	5.0	Word Order
29	95	1	major	5.0	Omitted Determiner
28	22	5	major	5.0	Lexical Selection
23	188	1	major	5.0	Omitted Conjunction
19	149	4	major	5.0	Agreement
18	32	10	major	5.0	POS
30	21	9	major	5.0	False Friend
11	122	6	major	5.0	Agreement
19	90	1	major	5.0	Omitted Determiner
16	44	1	major	5.0	Omitted Determiner
6	261	6	major	5.0	Agreement
22	0	16	major	5.0	Lexical Selection
31	93	6	major	5.0	Lexical Selection
