segment_id	annotation_start	annotation_length	severity	severity_weight	category
6	20	1	major	5.0	Omitted Determiner
7	233	8	major	5.0	POS
4	53	8	major	5.0	Tense/Mood/Aspect
5	167	7	major	5.0	Lexical Selection
5	241	12	major	5.0	POS
6	125	1	major	5.0	Other POS Omitted
0	7	1	major	5.0	Omitted Preposition
6	126	2	major	5.0	Addition
7	131	8	major	5.0	Lexical Selection
5	207	3	major	5.0	Addition
7	21	9	major	5.0	POS
6	95	1	major	5.0	Omitted Conjunction
2	66	1	major	5.0	Other POS Omitted
4	9	8	major	5.0	Lexical Selection
2	67	11	major	5.0	POS
7	272	1	major	5.0	Other POS Omitted
3	91	10	major	5.0	Unit Conversion
0	23	3	major	5.0	Untranslated
7	253	5	minor	1.0	Orthography
3	0	2	minor	1.0	Wrong Determiner
5	29	1	major	5.0	Omitted Determiner
5	196	10	major	5.0	Lexical Selection
2	47	4	major	5.0	Untranslated
7	306	1	minor	1.0	Hyphenation
7	79	6	major	5.0	Lexical Selection
7	242	1	major	5.0	Omitted Determiner
3	57	10	major	5.0	Unit Conversion
5	321	5	major	5.0	Lexical Selection
5	183	8	major	5.0	Untranslated
4	77	8	major	5.0	Untranslated
2	36	4	major	5.0	Untranslated
4	233	9	major	5.0	Untranslated
4	173	28	major	5.0	Word Order
4	46	3	major	5.0	Lexical Selection
2	52	4	major	5.0	Lexical Selection
2	117	1	minor	1.0	Punctuation
7	100	1	major	5.0	Omitted Determiner
7	298	1	major	5.0	Omitted Preposition
7 7	307 299	5 7	major	5.0	Word Order
4	21	4	major	5.0	POS
3	47	6	major	5.0	Lexical Selection
7 7	34 4	7 14	major	5.0	Word Order
7	159	1	major	5.0	Other POS Omitted
7	93	1	major	5.0	Omitted Determiner
7	78	1	major	5.0	Omitted Preposition
4	18	2	major	5.0	Addition
2	95	9	major	5.0	Lexical Selection
2	41	5	major	5.0	Tense/Mood/Aspect
7	344	1	minor	1.0	Whitespace
3	35	10	major	5.0	Unit Conversion
2 2	110 138	7 5	major	5.0	Word Order
5	117	7	major	5.0	Lexical Selection
5	216	1	major	5.0	Omitted Preposition
3	105	5	major	5.0	Untranslated
5	191	4	major	5.0	Untranslated
0	18	4	major	5.0	Untranslated
