segment_id	annotation_start	annotation_length	severity	severity_weight	category
2	94	9	major	5.0	Agreement
4	419	5	major	5.0	Unit Conversion
5	133	1	major	5.0	Omitted Determiner
2	18	4	major	5.0	Word Order
4	392	9	minor	1.0	Whitespace
4	152	1	major	5.0	Omitted Preposition
4	342	8	critical	10.0	Untranslated
4	27	9	major	5.0	Lexical Selection
4	376	2	major	5.0	Unit Conversion
4	389	2	major	5.0	Unit Conversion
4	40	10	major	5.0	Agreement
4	402	2	major	5.0	Unit Conversion
5	64	12	critical	10.0	Untranslated
4	153	10	major	5.0	Word Order
3	223	10	major	5.0	Lexical Selection
2	68	7	major	5.0	Agreement
0	15	13	major	5.0	Word Order
4	405	9	critical	10.0	Untranslated
5	151	5	major	5.0	Lexical Selection
4	270	6	major	5.0	Unit Conversion
3	105	8	major	5.0	Agreement
3	0	1	major	5.0	Omitted Determiner
6	139	2	major	5.0	Addition
4	379	5	critical	10.0	Untranslated
6	194	7	critical	10.0	Untranslated
5	52	10	minor	1.0	Duplication
4	365	10	minor	1.0	Whitespace
3	21	11	major	5.0	Lexical Selection
6	239	1	major	5.0	Omitted Preposition
4	291	1	major	5.0	Omitted Determiner
4	329	13	critical	10.0	Untranslated
6	202	8	major	5.0	Word Order
3	171	1	major	5.0	Omitted Determiner
2	0	1	major	5.0	Omitted Determiner
5	145	1	major	5.0	Omitted Determiner
6	246	5	major	5.0	Word Order
4	350	3	critical	10.0	Untranslated
2	81	9	major	5.0	Agreement
4	424	6	critical	10.0	Untranslated
5	139	5	major	5.0	Agreement
3	20	1	major	5.0	Omitted Preposition
4	251	14	critical	10.0	Untranslated
4	430	5	critical	10.0	Untranslated
6	32	10	major	5.0	Lexical Selection
