segment_id	annotation_start	annotation_length	severity	severity_weight	category
4	0	2	major	5.0	Agreement
2	41	6	major	5.0	POS
2	141	11	major	5.0	Lexical Selection
6	149	2	minor	1.0	Whitespace
4	16	3	major	5.0	Lexical Selection
5	67	2	major	5.0	Wrong Preposition
2	78	9	major	5.0	Lexical Selection
6	215	4	major	5.0	Wrong Determiner
6	62	1	major	5.0	Omitted Auxiliary Verb
2	18	8	minor	1.0	Lexical Selection
6	15	11	minor	1.0	Lexical Selection
5	70	7	major	5.0	Lexical Selection
7	215	3	major	5.0	Addition
5	143	5	major	5.0	Lexical Selection
4	89	8	major	5.0	Lexical Selection
2	110	2	major	5.0	Addition
5	81	14	major	5.0	Unit Conversion
6	220	7	major	5.0	Lexical Selection
5	125	7	major	5.0	Unit Conversion
6	194	9	major	5.0	False Friend
7	90	3	major	5.0	Wrong Pronoun
5	62	4	major	5.0	POS
6 6	37 46	8 7	major	5.0	Word Order
5	113	2	major	5.0	Addition
5	47	13	major	5.0	Overly Literal
5	159	3	major	5.0	Untranslated
2	113	8	major	5.0	Shouldn't Have Been Translated
3	0	2	major	5.0	Agreement
2	88	7	major	5.0	False Friend
3	103	9	major	5.0	Unit Conversion
7	159	1	major	5.0	Omitted Preposition
2	104	5	minor	1.0	Capitalization
7 7	51 62	10 8	major	5.0	Word Order
2	52	11	major	5.0	Lexical Selection
0	14	8	major	5.0	Shouldn't Have Been Translated
5	96	4	major	5.0	Untranslated
5	109	3	major	5.0	Unit Conversion
3 3	29 36	2 9	major	5.0	Unit Conversion
6	234	10	major	5.0	Shouldn't Have Been Translated
5	100	6	major	5.0	Untranslated
4 4	68 97	20 1	major	5.0	Word Order
3 3	79 54	10 1	major	5.0	Word Order
5	142	1	major	5.0	Omitted Preposition
5 5	133 124	8 1	major	5.0	Word Order
4	133	5	major	5.0	Lexical Selection
7	187	4	major	5.0	Wrong Preposition
4	30	11	major	5.0	Lexical Selection
6	186	2	minor	1.0	Whitespace
