segment_id	annotation_start	annotation_length	severity	severity_weight	category
2	11	8	major	5.0	Addition
3	15	3	minor	1.0	Untranslated
0	29	5	major	5.0	Untranslated
3	7	4	major	5.0	Untranslated
2	86	4	major	5.0	Untranslated
3	12	2	major	5.0	Untranslated
2	3	7	major	5.0	False Friend
2	82	1	major	5.0	Omitted Preposition
4	0	1	major	5.0	Omitted Determiner
2	63	7	major	5.0	Lexical Selection
2 2	41 28	4 1	major	5.0	Word Order
2	71	11	major	5.0	POS
4 4 4	1 64 71	4 2 7	minor	1.0	Agreement
0	35	3	major	5.0	Untranslated
2 2	36 29	4 6	major	5.0	Word Order
5	4	9	major	5.0	Untranslated
