segment_id	annotation_start	annotation_length	severity	severity_weight	category
4	149	1	minor	1.0	Capitalization
4	242	9	major	5.0	POS
2	95	12	major	5.0	Lexical Selection
2	261	4	major	5.0	Lexical Selection
4	177	7	critical	10.0	Untranslated
2	143	7	major	5.0	Lexical Selection
2	233	1	major	5.0	Omitted Preposition
2	110	8	major	5.0	Lexical Selection
5	37	7	major	5.0	Word Order
4	148	1	major	5.0	Omitted Preposition
0	21	4	critical	10.0	Untranslated
4	165	3	critical	10.0	Untranslated
3	68	1	major	5.0	Omitted Determiner
6	51	11	major	5.0	Word Order
3	76	11	major	5.0	Overly Literal
2	243	1	major	5.0	Omitted Preposition
2	253	7	major	5.0	Overly Literal
2	142	1	major	5.0	Omitted Determiner
2	201	5	major	5.0	Lexical Selection
6	219	7	major	5.0	Lexical Selection
5	231	3	major	5.0	Wrong Pronoun
6	90	3	major	5.0	Wrong Conjunction
3	44	5	major	5.0	Lexical Selection
4	192	1	major	5.0	Other POS Omitted
4	0	6	major	5.0	POS
3	67	1	major	5.0	Omitted Preposition
5	44	1	major	5.0	Agreement
5	220	7	minor	1.0	Lexical Selection
0	8	12	major	5.0	Word Order
0	26	3	critical	10.0	Untranslated
4	258	1	major	5.0	Omitted Conjunction
3	93	19	major	5.0	Overly Literal
