segment_id	annotation_start	annotation_length	severity	severity_weight	category
0 0	17 41	16 19	major	5.0	Word Order
4	97	9	major	5.0	Under-translation
2	138	1	major	5.0	Omitted Determiner
3	85	1	major	5.0	Omitted Preposition
3	235	20	major	5.0	Under-translation
3	13	25	major	5.0	Under-translation
3	174	23	major	5.0	Under-translation
2	172	4	major	5.0	Wrong Determiner
0	34	6	major	5.0	Lexical Selection
3	255	5	major	5.0	Wrong Determiner
4	144	1	major	5.0	Omitted Determiner
3	338	20	major	5.0	Under-translation
4	145	8	major	5.0	Under-translation
