segment_id	annotation_start	annotation_length	severity	severity_weight	category
12	136	9	major	5.0	Tense/Mood/Aspect
11	83	1	major	5.0	Omitted Conjunction
2 2 2 2	107 102 92 84	11 4 9 7	major	5.0	Word Order
3 3	46 36	11 2	major	5.0	Word Order
7	102	1	major	5.0	Wrong Preposition
10	248	2	minor	1.0	Whitespace
12	14	14	major	5.0	Lexical Selection
11 11	70 84	10 29	major	5.0	Word Order
10	226	8	major	5.0	Agreement
9	18	1	major	5.0	Omitted Determiner
12	202	8	major	5.0	POS
11	0	9	major	5.0	Omitted Determiner
5	86	4	major	5.0	Untranslated
7	107	1	major	5.0	Omitted Preposition
9	19	6	major	5.0	Lexical Selection
5	100	1	major	5.0	Other POS Omitted
12	68	7	major	5.0	Lexical Selection
9	99	2	major	5.0	Addition
7	0	2	major	5.0	Other POS Omitted
8	142	3	major	5.0	Wrong Preposition
12	33	9	major	5.0	Lexical Selection
12	291	1	minor	1.0	Hyphenation
11	81	2	major	5.0	Addition
7	37	6	major	5.0	Lexical Selection
5	91	3	major	5.0	Addition
8	141	1	major	5.0	Other POS Omitted
11	43	4	major	5.0	Addition
9 9	52 4	9 6	major	5.0	Agreement
13 13 13	79 77 56	10 2 21	major	5.0	Word Order
7	63	1	major	5.0	Other POS Omitted
5	71	7	major	5.0	Lexical Selection
10	211	10	major	5.0	Lexical Selection
3	88	7	major	5.0	Lexical Selection
12	249	9	major	5.0	Lexical Selection
5	43	12	major	5.0	Agreement
12	259	3	major	5.0	Wrong Pronoun
5	160	9	major	5.0	Lexical Selection
10	126	2	minor	1.0	Whitespace
11	35	7	major	5.0	Lexical Selection
8	148	11	major	5.0	Lexical Selection
3	96	8	major	5.0	Lexical Selection
12	230	1	major	5.0	Omitted Determiner
12	67	1	major	5.0	Omitted Preposition
12	263	4	major	5.0	Untranslated
10	262	2	major	5.0	Wrong Determiner
0 0 0 0 0	43 38 18 8 0	11 4 19 9 7	major	5.0	Word Order
12	127	4	major	5.0	Addition
10	235	13	major	5.0	Lexical Selection
2	59	9	major	5.0	Lexical Selection
12	198	3	major	5.0	Wrong Pronoun
7 7	30 43	6 1	major	5.0	Word Order
12 12	292 276	5 1	major	5.0	Word Order
10	344	17	major	5.0	Overly Literal
13	93	8	major	5.0	Untranslated
12	189	8	major	5.0	POS
5	27	6	major	5.0	Lexical Selection
10	53	2	major	5.0	Addition
2	175	1	minor	1.0	Punctuation
12 12	231 258	17 1	major	5.0	Word Order
3	45	1	minor	1.0	Hyphenation
2 2	177 130	5 1	major	5.0	Word Order
2	37	2	major	5.0	Wrong Determiner
2	143	4	major	5.0	False Friend
