segment_id	annotation_start	annotation_length	severity	severity_weight	category
10	129	1	major	5.0	Omitted Determiner
9	203	5	critical	10.0	Untranslated
10	25	2	critical	10.0	Untranslated
0	40	16	major	5.0	Word Order
10	152	4	major	5.0	Lexical Selection
4	131	2	major	5.0	Addition
9	220	2	major	5.0	Wrong Determiner
4	0	1	major	5.0	Omitted Determiner
12 12	19 0	7 18	major	5.0	Word Order
3 3	63 56	5 6	major	5.0	Word Order
9	80	5	major	5.0	Unit Conversion
9	197	6	critical	10.0	Untranslated
2	36	1	major	5.0	Omitted Determiner
10	28	3	critical	10.0	Untranslated
3	79	1	major	5.0	Omitted Preposition
4	141	1	major	5.0	Omitted Preposition
4	54	1	major	5.0	Addition
2	110	1	major	5.0	Other POS Omitted
4	160	1	major	5.0	Omitted Determiner
9	223	9	major	5.0	Word Order
6	99	7	major	5.0	Lexical Selection
9	259	1	major	5.0	Agreement
3	55	1	major	5.0	Omitted Preposition
2	77	7	major	5.0	Word Order
9	241	1	major	5.0	Omitted Determiner
13	9	11	major	5.0	Lexical Selection
9	36	1	major	5.0	Omitted Preposition
13	0	1	major	5.0	Omitted Determiner
9	185	3	major	5.0	Wrong Preposition
9	250	1	major	5.0	Omitted Preposition
6	52	1	major	5.0	Omitted Determiner
13	104	11	major	5.0	Agreement
2	111	10	major	5.0	Word Order
2	122	7	major	5.0	Word Order
5	20	5	critical	10.0	Untranslated
12	27	8	critical	10.0	Addition
4	18	1	major	5.0	Omitted Preposition
5	0	1	major	5.0	Omitted Determiner
4 4	161 167	5 7	major	5.0	Word Order
2	84	1	major	5.0	Omitted Preposition
4	70	2	major	5.0	Wrong Preposition
2	85	5	major	5.0	Word Order
10	32	3	critical	10.0	Untranslated
2	55	10	critical	10.0	Shouldn't Have Been Translated
9	42	7	major	5.0	Addition
9	265	6	major	5.0	Agreement
2	91	16	major	5.0	POS
