segment_id	annotation_start	annotation_length	severity	severity_weight	category
0	37	1	minor	1.0	Hyphenation
2 2	49 71	7 7	minor	1.0	Agreement
3 3	50 36	18 1	major	5.0	Word Order
3 3	31 22	5 1	major	5.0	Word Order
3	147	1	major	5.0	Omitted Determiner
2	4	11	major	5.0	Untranslated
0	38	4	major	5.0	Untranslated
3	44	5	minor	1.0	Lexical Selection
3	43	1	major	5.0	Other POS Omitted
3 3	88 114	2 1	major	5.0	Word Order
3 3	107 83	7 4	major	5.0	Word Order
3 3	77 71	5 1	major	5.0	Word Order
2	16	6	major	5.0	Untranslated
