segment_id	annotation_start	annotation_length	severity	severity_weight	category
0	0	7	major	5.0	Agreement
4	45	2	major	5.0	Addition
2	16	8	major	5.0	Word Order
3	29	4	major	5.0	Lexical Selection
7	14	8	major	5.0	Word Order
6	32	7	major	5.0	Tense/Mood/Aspect
5	55	6	major	5.0	Wrong Preposition
7	0	1	major	5.0	Omitted Determiner
2	93	2	major	5.0	Wrong Preposition
0	23	6	major	5.0	Word Order
2	25	7	major	5.0	Lexical Selection
2	32	1	major	5.0	Other POS Omitted
5	13	8	critical	10.0	Untranslated
4	48	5	major	5.0	POS
4	43	1	major	5.0	Agreement
2	14	1	major	5.0	POS
2	0	1	major	5.0	Omitted Determiner
