segment_id	annotation_start	annotation_length	severity	severity_weight	category
4 4	197 196	4 1	major	5.0	Omitted Determiner
4	322	6	major	5.0	Tense/Mood/Aspect
4	311	7	major	5.0	Tense/Mood/Aspect
4	384	9	major	5.0	Tense/Mood/Aspect
4	279	1	major	5.0	Omitted Determiner
0	23	7	major	5.0	Untranslated
4	245	2	minor	1.0	Wrong Determiner
0 0	45 0	4 16	major	5.0	Word Order
0	17	5	major	5.0	Untranslated
4	11	7	major	5.0	Lexical Selection
4	367	8	major	5.0	POS
4	302	3	major	5.0	False Friend
4 4	334 344	9 8	minor	1.0	Agreement
4	48	6	major	5.0	False Friend
4	352	1	major	5.0	Omitted Determiner
0	40	4	major	5.0	Untranslated
2 2	38 2	4 1	major	5.0	Word Order
4	376	6	major	5.0	Lexical Selection
4	419	5	major	5.0	Wrong Preposition
4 4	208 201	8 1	major	5.0	Word Order
4	333	1	major	5.0	Omitted Preposition
0	31	8	major	5.0	Untranslated
4 4	486 468	6 1	major	5.0	Word Order
4 4	291 310	8 1	major	5.0	Word Order
4 4	79 90	5 6	minor	1.0	Agreement
4	305	1	major	5.0	Omitted Determiner
4	126	3	major	5.0	Wrong Conjunction
2 2	28 7	9 1	major	5.0	Word Order
4 4	248 270	8 6	minor	1.0	Agreement
