segment_id	annotation_start	annotation_length	severity	severity_weight	category
3	27	8	major	5.0	Lexical Selection
3	17	6	major	5.0	Tense/Mood/Aspect
2 2	78 50	9 9	major	5.0	Word Order
2	88	14	major	5.0	POS
3	4	6	minor	1.0	False Friend
3	39	5	minor	1.0	Capitalization
2	69	8	major	5.0	Overly Literal
2	48	2	major	5.0	Other POS Omitted
3 3	11 23	5 1	minor	1.0	Word Order
0 0	42 18	6 1	major	5.0	Word Order
2 2	121 102	11 1	major	5.0	Word Order
2	175	8	major	5.0	Overly Literal
2	63	1	major	5.0	Omitted Preposition
0	10	8	minor	1.0	Orthography
