segment_id	annotation_start	annotation_length	severity	severity_weight	category
17	61	9	major	5.0	Omitted Determiner
11	81	2	major	5.0	Wrong Determiner
13	74	19	major	5.0	Word Order
4	272	17	major	5.0	Overly Literal
7	5	1	major	5.0	Wrong Determiner
11	24	1	major	5.0	Omitted Preposition
7	0	4	major	5.0	Lexical Selection
2	152	10	major	5.0	Tense/Mood/Aspect
19	271	1	major	5.0	Omitted Preposition
10	377	1	major	5.0	Omitted Preposition
16	224	10	major	5.0	Lexical Selection
10	84	10	major	5.0	POS
2	47	1	major	5.0	Omitted Preposition
11	348	6	major	5.0	Tense/Mood/Aspect
18	97	2	major	5.0	Over-translation
19	29	1	major	5.0	Omitted Preposition
11	228	9	major	5.0	Lexical Selection
16	66	10	major	5.0	Word Order
10	270	1	major	5.0	Omitted Preposition
3	23	7	major	5.0	Overly Literal
11	94	1	major	5.0	Omitted Determiner
15	103	2	major	5.0	Wrong Determiner
2	102	15	major	5.0	Word Order
4	188	11	major	5.0	Word Order
6	56	7	major	5.0	Over-translation
12	242	1	major	5.0	Omitted Determiner
2	48	8	major	5.0	POS
11	129	10	major	5.0	POS
18	125	18	major	5.0	Word Order
16	81	1	major	5.0	Omitted Determiner
12	208	9	major	5.0	Under-translation
9	18	6	major	5.0	Wrong Pronoun
15	128	1	major	5.0	Omitted Determiner
13	158	1	major	5.0	Omitted Preposition
13	221	9	major	5.0	Under-translation
18	0	6	major	5.0	Omitted Determiner
4	131	1	major	5.0	Wrong Determiner
11	104	1	major	5.0	Omitted Determiner
18	62	9	major	5.0	Tense/Mood/Aspect
16	299	14	major	5.0	Lexical Selection
12	176	30	major	5.0	Lexical Selection
9	24	1	major	5.0	Omitted Determiner
13	73	1	major	5.0	Omitted Preposition
12	234	5	major	5.0	Omitted Determiner
3	108	19	major	5.0	Word Order
16	151	1	major	5.0	Omitted Determiner
19	259	12	major	5.0	Lexical Selection
5	164	9	major	5.0	POS
16	112	1	major	5.0	Omitted Determiner
11	343	3	major	5.0	Over-translation
12 12	60 84	7 15	critical	10.0	Untranslated
10	378	8	major	5.0	POS
9	25	7	major	5.0	Word Order
18	59	2	major	5.0	Wrong Pronoun
2	0	6	major	5.0	Omitted Determiner
14	167	10	major	5.0	Lexical Selection
10	21	10	major	5.0	Word Order
14	120	3	major	5.0	Wrong Determiner
10	134	6	major	5.0	Lexical Selection
5	22	6	major	5.0	Agreement
5	56	7	major	5.0	Tense/Mood/Aspect
14	49	11	major	5.0	Lexical Selection
15	89	8	major	5.0	POS
17	32	8	major	5.0	Lexical Selection
19	33	2	major	5.0	Wrong Preposition
19	94	7	major	5.0	Tense/Mood/Aspect
4	129	2	major	5.0	Word Order
2	124	4	major	5.0	Lexical Selection
16	249	16	major	5.0	Overly Literal
11	44	4	major	5.0	Agreement
12	218	1	major	5.0	Omitted Determiner
10	271	3	major	5.0	POS
11	72	2	major	5.0	Wrong Preposition
11	154	1	major	5.0	Omitted Determiner
14	181	3	major	5.0	Wrong Determiner
16	98	1	major	5.0	Omitted Determiner
