segment_id	annotation_start	annotation_length	severity	severity_weight	category
8	81	1	major	5.0	Omitted Preposition
6	7	3	major	5.0	Wrong Auxiliary Verb
8	57	5	minor	1.0	Capitalization
8	30	3	critical	10.0	Untranslated
8	46	10	minor	1.0	Capitalization
4	22	6	major	5.0	Agreement
8	88	10	critical	10.0	Shouldn't Have Been Translated
4	16	1	major	5.0	Omitted Conjunction
8	63	8	major	5.0	Word Order
6	76	1	major	5.0	Omitted Determiner
6	65	4	major	5.0	Word Order
7	90	1	major	5.0	Omitted Pronoun
8	21	3	critical	10.0	Untranslated
4	42	5	major	5.0	POS
4	109	2	major	5.0	Addition
5	29	8	major	5.0	Tense/Mood/Aspect
3	134	4	major	5.0	Addition
8	56	1	major	5.0	Omitted Preposition
7	16	6	major	5.0	Lexical Selection
6	54	10	major	5.0	Word Order
3	103	6	major	5.0	Agreement
6	70	6	major	5.0	Agreement
6	103	6	major	5.0	Lexical Selection
8	38	7	minor	1.0	Capitalization
7	83	2	major	5.0	Wrong Preposition
3	102	1	major	5.0	Omitted Conjunction
8	25	4	critical	10.0	Untranslated
4	88	6	major	5.0	Lexical Selection
8	72	9	minor	1.0	Capitalization
6	64	1	major	5.0	Omitted Preposition
3	124	10	major	5.0	POS
