segment_id	annotation_start	annotation_length	severity	severity_weight	category
5	135	2	major	5.0	Wrong Pronoun
2	81	1	major	5.0	Omitted Preposition
6	111	1	major	5.0	Wrong Conjunction
5	138	3	major	5.0	Lexical Selection
6	44	10	major	5.0	Agreement
5	113	1	major	5.0	Omitted Determiner
5	58	1	major	5.0	Omitted Preposition
2	82	4	major	5.0	Word Order
5	126	8	major	5.0	Lexical Selection
6	144	4	critical	10.0	Untranslated
5	114	11	major	5.0	Word Order
4	8	1	major	5.0	Other POS Omitted
2	54	8	major	5.0	Word Order
6	112	8	major	5.0	Tense/Mood/Aspect
0	31	5	major	5.0	Word Order
2	151	5	major	5.0	Unit Conversion
4	6	2	major	5.0	Wrong Preposition
2	74	7	major	5.0	Word Order
3	57	3	major	5.0	Unit Conversion
2	104	8	major	5.0	Word Order
2	40	6	major	5.0	Lexical Selection
2	25	6	major	5.0	Lexical Selection
