segment_id	annotation_start	annotation_length	severity	severity_weight	category
4	84	1	major	5.0	Omitted Preposition
3	19	2	major	5.0	Agreement
2	38	3	major	5.0	Addition
2	42	7	major	5.0	Tense/Mood/Aspect
5	124	8	major	5.0	Agreement
3	12	5	major	5.0	Unit Conversion
6	3	3	major	5.0	Wrong Auxiliary Verb
2	57	8	major	5.0	Word Order
5	62	2	major	5.0	Addition
2	95	7	major	5.0	Word Order
0	17	13	major	5.0	Word Order
5	42	5	major	5.0	Agreement
2	36	2	major	5.0	Wrong Pronoun
6	2	1	major	5.0	Omitted Pronoun
0	31	8	major	5.0	Word Order
2	103	10	critical	10.0	Untranslated
2	113	8	major	5.0	Word Order
5	29	1	major	5.0	Omitted Determiner
6	70	8	major	5.0	Tense/Mood/Aspect
