segment_id	annotation_start	annotation_length	severity	severity_weight	category
4 4	27 6	25 1	major	5.0	Word Order
4 4	7 13	5 8	major	5.0	Word Order
5	69	1	major	5.0	Omitted Determiner
2 2	8 33	13 1	major	5.0	Word Order
4 4	0 22	1 4	major	5.0	Word Order
5	6	9	major	5.0	Untranslated
6	17	2	major	5.0	Addition
5	75	1	major	5.0	Omitted Preposition
5	0	5	major	5.0	Untranslated
0 0	26 7	2 1	major	5.0	Word Order
3	6	8	major	5.0	False Friend
5 5	79 70	4 5	major	5.0	Word Order
6 6	20 0	15 13	major	5.0	Word Order
5	50	5	major	5.0	Untranslated
2 2	22 7	2 1	major	5.0	Word Order
2	25	8	major	5.0	Shouldn't Have Been Translated
5	63	3	major	5.0	Overly Literal
