segment_id	annotation_start	annotation_length	severity	severity_weight	category
2	47	9	major	5.0	Lexical Selection
2	110	5	major	5.0	Untranslated
2	115	7	major	5.0	Untranslated
4	36	7	major	5.0	Untranslated
4	31	4	major	5.0	Untranslated
0	20	4	major	5.0	Untranslated
5	96	4	major	5.0	Untranslated
0	37	9	major	5.0	Shouldn't Have Been Translated
2	35	8	major	5.0	Lexical Selection
0	47	10	major	5.0	Lexical Selection
5	114	11	major	5.0	False Friend
2	98	11	major	5.0	Untranslated
4	9	9	major	5.0	Shouldn't Have Been Translated
5 5	0 19	4 1	major	5.0	Word Order
5	9	1	major	5.0	Omitted Determiner
4 4	101 170	15 1	major	5.0	Word Order
3	115	7	major	5.0	Overly Literal
4	0	8	major	5.0	Shouldn't Have Been Translated
5 5	103 125	10 1	major	5.0	Word Order
4	68	13	major	5.0	Tense/Mood/Aspect
