segment_id	annotation_start	annotation_length	severity	severity_weight	category
8	215	3	major	5.0	Addition
8	187	4	major	5.0	Wrong Preposition
2	193	1	minor	1.0	Hyphenation
6 6	175 233	48 1	major	5.0	Word Order
3	84	1	major	5.0	Omitted Determiner
5	137	4	major	5.0	Lexical Selection
8 8	51 62	10 8	major	5.0	Word Order
3	314	1	major	5.0	Omitted Determiner
3	296	13	major	5.0	Lexical Selection
2	184	1	major	5.0	Omitted Preposition
2	88	26	major	5.0	Overly Literal
2	137	12	major	5.0	Lexical Selection
2	185	8	major	5.0	Word Order
4	179	2	major	5.0	Wrong Determiner
3	6	10	minor	1.0	Lexical Selection
3	37	1	minor	1.0	Lexical Selection
6	224	9	major	5.0	POS
3	556	5	major	5.0	Addition
7	15	11	minor	1.0	Lexical Selection
7	62	1	major	5.0	Omitted Auxiliary Verb
6	108	8	major	5.0	Untranslated
3 3	214 193	7 20	major	5.0	Word Order
5	150	4	major	5.0	Addition
3	38	1	major	5.0	Omitted Determiner
4	244	7	major	5.0	Lexical Selection
4	67	1	minor	1.0	Punctuation
4	83	4	major	5.0	Wrong Preposition
5	41	7	major	5.0	Unit Conversion
6	101	2	major	5.0	Wrong Preposition
2	25	5	major	5.0	Lexical Selection
3	534	2	major	5.0	Wrong Preposition
6	240	1	major	5.0	Omitted Conjunction
2	17	7	minor	1.0	Capitalization
4	227	16	major	5.0	Lexical Selection
3	509	1	major	5.0	Omitted Preposition
3	311	3	major	5.0	Wrong Preposition
6	95	5	major	5.0	Untranslated
0 0 0	25 44 5	6 7 1	major	5.0	Word Order
5	101	1	major	5.0	Omitted Determiner
3	273	19	major	5.0	Over-translation
6	116	7	major	5.0	Untranslated
7	215	4	major	5.0	Agreement
5	196	2	major	5.0	Wrong Preposition
7	220	7	major	5.0	Lexical Selection
8	159	1	major	5.0	Omitted Preposition
4	214	9	major	5.0	Lexical Selection
6	147	3	major	5.0	Untranslated
7	194	9	major	5.0	False Friend
6	87	8	major	5.0	Untranslated
3	454	9	major	5.0	Lexical Selection
3	39	8	major	5.0	Agreement
6	6	10	minor	1.0	Lexical Selection
3	562	7	major	5.0	Tense/Mood/Aspect
7 7	46 37	7 8	major	5.0	Word Order
3 3	527 510	6 6	major	5.0	Agreement
4	202	7	major	5.0	Tense/Mood/Aspect
3 3	61 48	11 12	major	5.0	Word Order
0	0	5	major	5.0	Lexical Selection
5	199	4	major	5.0	False Friend
4	82	1	major	5.0	Other POS Omitted
3	96	3	major	5.0	Wrong Determiner
7	186	2	minor	1.0	Whitespace
2	194	7	major	5.0	Lexical Selection
5	142	7	major	5.0	Lexical Selection
7	234	10	major	5.0	Shouldn't Have Been Translated
7	149	2	minor	1.0	Whitespace
8	90	3	major	5.0	Wrong Pronoun
5	66	4	minor	1.0	Orthography
5	71	5	major	5.0	Lexical Selection
4	76	6	major	5.0	Tense/Mood/Aspect
2	150	10	major	5.0	Addition
4	88	2	major	5.0	Addition
