segment_id	annotation_start	annotation_length	severity	severity_weight	category
4	169	1	major	5.0	Other POS Omitted
9	87	1	major	5.0	Omitted Determiner
7	116	1	major	5.0	Omitted Preposition
5	110	4	major	5.0	Wrong Preposition
4	170	3	major	5.0	Agreement
7	59	7	major	5.0	Agreement
2	0	10	major	5.0	Tense/Mood/Aspect
4	33	2	major	5.0	Agreement
3	51	7	major	5.0	Lexical Selection
0	24	5	critical	10.0	Untranslated
7	138	5	major	5.0	Addition
6	16	5	major	5.0	POS
4	104	1	major	5.0	Addition
7	124	1	major	5.0	Omitted Preposition
2	44	6	major	5.0	Tense/Mood/Aspect
5	73	1	major	5.0	Omitted Determiner
0	19	4	major	5.0	Word Order
8	162	6	major	5.0	Lexical Selection
4	128	3	major	5.0	POS
3	65	6	major	5.0	Lexical Selection
4	42	9	major	5.0	Lexical Selection
3	62	3	major	5.0	Addition
8	23	9	major	5.0	Agreement
4	52	2	major	5.0	Word Order
2	115	11	major	5.0	Agreement
9	39	1	major	5.0	Omitted Determiner
9	37	2	major	5.0	Wrong Preposition
4	55	8	major	5.0	POS
2	100	14	major	5.0	Word Order
0	18	1	major	5.0	Omitted Preposition
8	206	4	major	5.0	Wrong Preposition
4	36	5	major	5.0	Lexical Selection
0	30	3	critical	10.0	Untranslated
8	169	2	major	5.0	Addition
2	99	1	major	5.0	Omitted Preposition
2	63	7	major	5.0	POS
8	33	7	major	5.0	Agreement
4	136	4	critical	10.0	Untranslated
4	35	1	major	5.0	Other POS Omitted
7	111	1	major	5.0	Omitted Determiner
6	50	5	major	5.0	Word Order
4	68	1	major	5.0	Omitted Determiner
7	112	4	major	5.0	Word Order
7	117	6	critical	10.0	Untranslated
9	76	1	major	5.0	Omitted Determiner
8	22	1	major	5.0	Omitted Determiner
7	144	1	major	5.0	Wrong Preposition
8	161	1	major	5.0	Omitted Auxiliary Verb
