segment_id	annotation_start	annotation_length	severity	severity_weight	category
5	41	1	major	5.0	Omitted Pronoun
2	36	13	major	5.0	Lexical Selection
10	62	7	major	5.0	Tense/Mood/Aspect
6	10	7	major	5.0	Tense/Mood/Aspect
6	195	4	major	5.0	Wrong Preposition
8	34	8	major	5.0	Agreement
8	148	20	major	5.0	Word Order
5	56	9	major	5.0	Tense/Mood/Aspect
4	71	12	major	5.0	Word Order
8	147	1	major	5.0	Omitted Preposition
3	12	10	major	5.0	Tense/Mood/Aspect
6	61	2	major	5.0	Wrong Determiner
6	200	2	major	5.0	Agreement
6	21	4	major	5.0	Lexical Selection
2	189	14	major	5.0	Word Order
7	196	1	major	5.0	Omitted Pronoun
7	79	16	major	5.0	Overly Literal
7	339	10	major	5.0	Lexical Selection
4	67	3	major	5.0	POS
6	129	1	major	5.0	Omitted Preposition
7	307	8	major	5.0	False Friend
4	70	1	major	5.0	Omitted Determiner
2	135	1	major	5.0	Omitted Determiner
7	24	1	major	5.0	Under-translation
5	42	10	major	5.0	Word Order
8	50	10	major	5.0	Agreement
9	80	1	major	5.0	Omitted Preposition
2	80	10	major	5.0	Lexical Selection
7	316	5	major	5.0	Tense/Mood/Aspect
6	7	2	major	5.0	Wrong Pronoun
2	91	1	major	5.0	Omitted Determiner
5	53	3	major	5.0	Over-translation
5	72	2	major	5.0	Over-translation
9	102	5	major	5.0	Lexical Selection
