segment_id	annotation_start	annotation_length	severity	severity_weight	category
3 3	95 102	3 3	major	5.0	Word Order
3	101	1	major	5.0	Omitted Determiner
3	99	2	major	5.0	Addition
3	47	1	major	5.0	Omitted Preposition
3	84	1	major	5.0	Other POS Omitted
2	146	4	major	5.0	Lexical Selection
2	133	5	major	5.0	Wrong Conjunction
0	35	1	major	5.0	Omitted Preposition
3	48	4	critical	10.0	Untranslated
3	39	8	critical	10.0	Untranslated
2	144	1	major	5.0	Addition
0	36	8	major	5.0	Word Order
4	152	6	major	5.0	Tense/Mood/Aspect
3	21	1	major	5.0	Agreement
