segment_id	annotation_start	annotation_length	severity	severity_weight	category
2	32	8	major	5.0	Lexical Selection
6	46	8	major	5.0	Lexical Selection
4	0	9	major	5.0	Agreement
0	47	7	major	5.0	Lexical Selection
8	84	1	major	5.0	Omitted Determiner
8	0	8	critical	10.0	Lexical Selection
2	47	11	major	5.0	Lexical Selection
8	338	7	major	5.0	Word Order
8	175	1	major	5.0	Punctuation
8	261	7	major	5.0	Addition
8	299	1	major	5.0	Omitted Preposition
0	10	2	major	5.0	Agreement
7	54	5	major	5.0	Agreement
7	44	9	major	5.0	Lexical Selection
2	41	5	critical	10.0	Untranslated
6	80	2	major	5.0	Addition
3	0	1	major	5.0	Omitted Determiner
8	235	8	major	5.0	Word Order
8	275	1	major	5.0	Omitted Determiner
8	220	1	major	5.0	Omitted Determiner
8	17	9	critical	10.0	Lexical Selection
6	23	10	major	5.0	Word Order
8	104	1	major	5.0	Punctuation
0	0	9	major	5.0	Lexical Selection
8	325	8	major	5.0	Lexical Selection
9	48	11	major	5.0	Word Order
8	268	1	major	5.0	Punctuation
9	45	2	major	5.0	Addition
3	11	2	major	5.0	Agreement
5	11	1	major	5.0	Omitted Determiner
8	52	6	major	5.0	Tense/Mood/Aspect
6	71	8	major	5.0	Lexical Selection
7	95	1	major	5.0	Other POS Omitted
8	317	7	major	5.0	Agreement
8	243	1	major	5.0	Omitted Preposition
8	82	2	major	5.0	Wrong Preposition
9	74	7	major	5.0	Lexical Selection
8	42	7	major	5.0	Lexical Selection
5	12	6	critical	10.0	Untranslated
0	21	3	critical	10.0	Untranslated
8	334	3	major	5.0	Addition
8	13	3	critical	10.0	Lexical Selection
5	19	1	major	5.0	Omitted Determiner
2	13	15	critical	10.0	Lexical Selection
9	109	1	major	5.0	Omitted Preposition
8	33	5	major	5.0	Agreement
8	205	6	major	5.0	Lexical Selection
8	211	1	major	5.0	Punctuation
8	27	1	major	5.0	Agreement
9 9	88 96	7 13	major	5.0	Word Order
9	24	6	major	5.0	Word Order
9	31	13	major	5.0	Agreement
0	40	6	major	5.0	Lexical Selection
9	0	1	major	5.0	Omitted Preposition
6	0	1	major	5.0	Omitted Determiner
8	346	1	major	5.0	Addition
8	9	3	critical	10.0	Lexical Selection
