segment_id	annotation_start	annotation_length	severity	severity_weight	category
5	143	1	major	5.0	Omitted Conjunction
2	75	5	major	5.0	Word Order
7	169	1	major	5.0	Other POS Omitted
8	240	10	critical	10.0	Untranslated
7	161	8	major	5.0	Lexical Selection
2	37	11	critical	10.0	Untranslated
8	34	10	major	5.0	Lexical Selection
7	180	8	major	5.0	Lexical Selection
8	290	1	major	5.0	Omitted Determiner
8	45	1	major	5.0	Omitted Determiner
0	20	7	major	5.0	Addition
8	197	12	major	5.0	Word Order
8	318	9	major	5.0	Lexical Selection
0	5	1	critical	10.0	Other POS Omitted
6	53	5	major	5.0	Lexical Selection
4	53	1	major	5.0	Omitted Determiner
8	262	4	critical	10.0	Untranslated
5	165	11	major	5.0	Lexical Selection
7	129	1	major	5.0	Other POS Omitted
8	93	5	major	5.0	Agreement
7	64	9	major	5.0	Lexical Selection
8	126	1	major	5.0	Omitted Determiner
8	0	1	major	5.0	Omitted Determiner
8	191	3	major	5.0	Word Order
3	31	9	major	5.0	Lexical Selection
8	104	6	major	5.0	Agreement
0	15	4	major	5.0	Word Order
8	266	8	critical	10.0	Untranslated
2	49	5	critical	10.0	Untranslated
6	143	3	major	5.0	Agreement
0	28	7	major	5.0	Word Order
3	4	9	major	5.0	Lexical Selection
6	157	9	major	5.0	Agreement
