segment_id	annotation_start	annotation_length	severity	severity_weight	category
0	17	10	major	5.0	Untranslated
2	95	1	major	5.0	Omitted Determiner
0 0	35 0	3 7	major	5.0	Word Order
2	18	5	major	5.0	Shouldn't Have Been Translated
2	83	9	major	5.0	Lexical Selection
0	8	8	major	5.0	Unit Conversion
0	28	6	major	5.0	Untranslated
2	236	2	major	5.0	Wrong Preposition
2	0	15	major	5.0	Lexical Selection
2	238	1	major	5.0	Omitted Determiner
2	187	18	major	5.0	Overly Literal
2	41	8	major	5.0	Unit Conversion
