segment_id	annotation_start	annotation_length	severity	severity_weight	category
2 2	12 51	7 1	major	5.0	Word Order
2 2	10 49	1 2	major	5.0	Word Order
4	43	11	minor	1.0	Lexical Selection
0	21	13	major	5.0	Shouldn't Have Been Translated
0	34	1	major	5.0	Omitted Preposition
0	0	7	major	5.0	Word Order
5	151	8	major	5.0	Untranslated
4	73	1	major	5.0	Other POS Omitted
5 5	95 132	7 1	major	5.0	Word Order
5	102	1	minor	1.0	Omitted Determiner
0	45	5	major	5.0	False Friend
5 5	160 169	8 21	major	5.0	Word Order
2	3	5	major	5.0	False Friend
3 3	73 80	6 5	major	5.0	Word Order
2	222	6	major	5.0	Untranslated
2	33	7	major	5.0	Shouldn't Have Been Translated
5 5	91 110	3 1	major	5.0	Word Order
0	36	1	minor	1.0	Hyphenation
2	228	1	minor	1.0	Hyphenation
