segment_id	annotation_start	annotation_length	severity	severity_weight	category
0	68	6	major	5.0	Word Order
0	40	7	major	5.0	Word Order
0	18	8	critical	10.0	Shouldn't Have Been Translated
2	53	7	major	5.0	Word Order
4	22	1	major	5.0	Omitted Preposition
4	23	9	major	5.0	Word Order
4	58	4	major	5.0	Lexical Selection
0	61	6	critical	10.0	Shouldn't Have Been Translated
4	11	11	critical	10.0	Shouldn't Have Been Translated
4	0	1	major	5.0	Omitted Determiner
4	42	2	major	5.0	Addition
0	53	7	critical	10.0	Shouldn't Have Been Translated
4	45	7	critical	10.0	Shouldn't Have Been Translated
3	0	6	major	5.0	Word Order
2	61	20	major	5.0	Word Order
