segment_id	annotation_start	annotation_length	severity	severity_weight	category
5	42	1	major	5.0	Omitted Preposition
0	22	1	major	5.0	Omitted Preposition
1 5	75 111	8 9	major	5.0	Inconsistency
4	36	1	major	5.0	Omitted Determiner
5	19	3	minor	1.0	Wrong Determiner
5	53	9	major	5.0	Tense/Mood/Aspect
4 4	0 12	11 4	major	5.0	Word Order
4	93	2	major	5.0	Wrong Preposition
4	95	1	major	5.0	Omitted Determiner
1	22	1	major	5.0	Omitted Preposition
0 5	75 43	8 9	major	5.0	Inconsistency
4	17	10	major	5.0	Untranslated
5	52	1	major	5.0	Omitted Conjunction
4	87	5	major	5.0	False Friend
