segment_id	annotation_start	annotation_length	severity	severity_weight	category
6	116	7	minor	1.0	Whitespace
6	32	5	major	5.0	Lexical Selection
5 5	319 303	16 15	major	5.0	Word Order
18	68	7	major	5.0	Agreement
15	191	5	major	5.0	Tense/Mood/Aspect
15	44	1	major	5.0	Omitted Determiner
3 3 3	18 3 24	5 14 23	major	5.0	Word Order
5	280	6	critical	10.0	Lexical Selection
9	339	1	major	5.0	Omitted Preposition
22	147	7	major	5.0	Lexical Selection
15	176	1	major	5.0	Omitted Determiner
4 4	244 222	16 21	major	5.0	Word Order
6	0	1	major	5.0	Omitted Determiner
16	37	1	major	5.0	Omitted Determiner
22	56	5	major	5.0	Lexical Selection
7	48	2	major	5.0	Wrong Conjunction
9	245	14	minor	1.0	Whitespace
10	64	7	minor	1.0	Whitespace
5	294	8	major	5.0	Agreement
19	0	1	major	5.0	Omitted Determiner
19	109	10	major	5.0	Agreement
22	188	1	major	5.0	Omitted Conjunction
30	59	3	major	5.0	Agreement
6	98	6	major	5.0	Agreement
18	50	12	minor	1.0	Whitespace
22	62	5	major	5.0	Word Order
8	149	2	minor	1.0	Whitespace
28	50	3	major	5.0	Lexical Selection
12	85	4	major	5.0	Lexical Selection
11	137	5	major	5.0	Word Order
23	69	11	major	5.0	Lexical Selection
23	81	4	major	5.0	Addition
28	224	1	minor	1.0	Capitalization
15	127	1	major	5.0	Omitted Determiner
4	219	2	major	5.0	Agreement
25	31	1	minor	1.0	Capitalization
24	104	1	major	5.0	Omitted Determiner
7	85	13	minor	1.0	Whitespace
16	91	8	major	5.0	Lexical Selection
17	31	1	critical	10.0	Omitted Auxiliary Verb
17	24	1	major	5.0	Omitted Determiner
11	175	2	minor	1.0	Whitespace
7	154	7	critical	10.0	Untranslated
16 16	38 52	13 17	major	5.0	Word Order
17 17	10 25	14 6	major	5.0	Word Order
7	219	9	major	5.0	Lexical Selection
31	67	2	major	5.0	Agreement
31	56	1	major	5.0	Omitted Preposition
22	52	4	major	5.0	Agreement
7	102	12	minor	1.0	Whitespace
13	100	1	major	5.0	Omitted Determiner
11	299	7	major	5.0	Addition
26	55	5	major	5.0	Lexical Selection
15	69	1	major	5.0	Omitted Determiner
22	0	2	major	5.0	Wrong Pronoun
21	91	2	major	5.0	Wrong Determiner
10	174	1	major	5.0	Omitted Pronoun
28	235	6	major	5.0	Agreement
26	50	5	major	5.0	Wrong Determiner
13	137	12	major	5.0	Lexical Selection
18	35	4	major	5.0	Agreement
7	135	10	minor	1.0	Whitespace
23	9	2	critical	10.0	Lexical Selection
8	0	1	major	5.0	Omitted Determiner
13	31	1	major	5.0	Omitted Preposition
29 29	86 61	32 22	major	5.0	Word Order
27	22	5	major	5.0	Lexical Selection
12	90	2	major	5.0	Wrong Preposition
26	61	3	major	5.0	Wrong Preposition
4	147	1	major	5.0	Omitted Determiner
31	22	1	major	5.0	Omitted Preposition
23	86	4	major	5.0	Agreement
27 27	17 9	4 7	major	5.0	Word Order
8	252	4	major	5.0	Addition
12	38	6	major	5.0	Lexical Selection
9	349	1	major	5.0	Omitted Preposition
16	115	1	major	5.0	Omitted Determiner
11	102	7	major	5.0	Lexical Selection
28	95	1	major	5.0	Omitted Determiner
5	336	6	major	5.0	Agreement
27	49	3	major	5.0	Lexical Selection
18	137	7	major	5.0	Lexical Selection
29	84	1	major	5.0	Addition
15	91	12	major	5.0	Lexical Selection
4	115	1	major	5.0	Omitted Determiner
23	8	1	major	5.0	Omitted Preposition
21	80	10	major	5.0	Lexical Selection
23	52	6	major	5.0	Lexical Selection
12	48	2	major	5.0	Wrong Determiner
18	131	5	major	5.0	Lexical Selection
29	85	1	major	5.0	Omitted Determiner
24	32	5	major	5.0	Lexical Selection
0 0	24 0	10 23	major	5.0	Word Order
8	186	2	minor	1.0	Whitespace
5	175	1	major	5.0	Omitted Determiner
2	108	4	major	5.0	Wrong Preposition
10	122	5	major	5.0	Agreement
12	162	5	major	5.0	Agreement
5	115	5	major	5.0	Agreement
9	263	15	minor	1.0	Whitespace
16 16	101 116	14 6	major	5.0	Word Order
30	58	1	major	5.0	Other POS Omitted
23	15	6	major	5.0	Word Order
11	306	3	major	5.0	Addition
20	0	1	major	5.0	Omitted Determiner
19	214	10	major	5.0	Lexical Selection
14	92	6	major	5.0	Agreement
7 7	34 42	7 5	major	5.0	Word Order
12	201	8	minor	1.0	Whitespace
5	240	6	major	5.0	Agreement
24	112	10	minor	1.0	Whitespace
18	40	1	major	5.0	Omitted Determiner
15	27	6	major	5.0	Agreement
30	30	1	major	5.0	Other POS Omitted
4	221	1	major	5.0	Omitted Preposition
7	0	1	major	5.0	Omitted Determiner
