segment_id	annotation_start	annotation_length	severity	severity_weight	category
0 0	0 15	5 1	major	5.0	Word Order
0 0	52 20	9 1	major	5.0	Word Order
6	0	3	major	5.0	Omitted Pronoun
2 2	36 24	7 1	major	5.0	Word Order
0	37	8	minor	1.0	Addition
0 0	6 61	9 1	major	5.0	Word Order
0	28	5	minor	1.0	Agreement
0	34	2	major	5.0	Wrong Preposition
0 0	21 5	6 1	major	5.0	Word Order
2 2	53 58	4 7	major	5.0	Word Order
2 2	31 52	4 1	major	5.0	Word Order
6 4	20 4	6 7	major	5.0	Inconsistency
3 3	0 31	11 10	minor	1.0	Agreement
5	6	1	major	5.0	Other POS Omitted
