segment_id	annotation_start	annotation_length	severity	severity_weight	category
0	25	4	major	5.0	Word Order
3	21	2	major	5.0	Addition
3	143	16	major	5.0	POS
3	24	5	critical	10.0	Shouldn't Have Been Translated
5	85	1	major	5.0	Omitted Determiner
3	30	5	critical	10.0	Shouldn't Have Been Translated
0	40	4	major	5.0	Untranslated
5	98	11	major	5.0	Lexical Selection
5	53	7	major	5.0	Agreement
7	114	1	major	5.0	Omitted Preposition
9	21	9	major	5.0	Lexical Selection
8	60	2	major	5.0	Wrong Preposition
3	4	16	major	5.0	POS
7	45	3	critical	10.0	Untranslated
4	116	4	critical	10.0	Untranslated
3	103	5	major	5.0	Agreement
6	51	1	major	5.0	Omitted Determiner
2	79	7	major	5.0	Lexical Selection
4	120	1	major	5.0	Omitted Preposition
4	156	7	major	5.0	Lexical Selection
5	60	6	major	5.0	Word Order
4	113	2	major	5.0	Agreement
5	86	8	major	5.0	Lexical Selection
9 9	9 0	5 5	major	5.0	Word Order
4	15	12	major	5.0	Lexical Selection
9	53	7	major	5.0	Agreement
5	52	1	major	5.0	Omitted Determiner
7	115	3	major	5.0	Addition
5	67	15	major	5.0	Word Order
2	62	4	major	5.0	Lexical Selection
3	109	4	major	5.0	Lexical Selection
7	153	9	major	5.0	Lexical Selection
0	35	4	critical	10.0	Shouldn't Have Been Translated
2	52	4	critical	10.0	Shouldn't Have Been Translated
6	57	16	major	5.0	Word Order
0	18	6	critical	10.0	Shouldn't Have Been Translated
2	57	4	critical	10.0	Shouldn't Have Been Translated
2	87	5	critical	10.0	Untranslated
0	45	4	critical	10.0	Untranslated
2	46	5	major	5.0	Wrong Determiner
0	9	2	major	5.0	Word Order
0	50	11	major	5.0	Lexical Selection
0	0	8	major	5.0	Word Order
2	78	1	major	5.0	Omitted Determiner
9	6	2	major	5.0	Addition
2	61	1	major	5.0	Omitted Preposition
0	12	5	major	5.0	Capitalization
4	34	9	major	5.0	Agreement
6	16	1	major	5.0	Other POS Omitted
8	69	1	critical	10.0	Other POS Omitted
2	0	7	major	5.0	Tense/Mood/Aspect
5	36	11	major	5.0	Lexical Selection
5	31	4	major	5.0	Agreement
7	127	4	major	5.0	Wrong Preposition
