segment_id	annotation_start	annotation_length	severity	severity_weight	category
7 7	114 128	2 3	major	5.0	POS
8	111	10	major	5.0	Lexical Selection
7	119	8	major	5.0	Lexical Selection
2 2	36 30	7 5	major	5.0	Word Order
4	81	1	major	5.0	Omitted Determiner
5	102	1	major	5.0	Omitted Determiner
6	11	5	major	5.0	Agreement
4	54	1	major	5.0	Omitted Determiner
0	0	4	major	5.0	Word Order
5	40	3	major	5.0	Wrong Preposition
5	67	1	major	5.0	Omitted Preposition
5 5	13 2	9 10	major	5.0	Word Order
2	69	22	major	5.0	Word Order
4	55	9	major	5.0	Lexical Selection
0	48	9	major	5.0	Word Order
4	73	5	major	5.0	Word Order
5	127	5	major	5.0	POS
7	86	8	major	5.0	Word Order
3	69	1	major	5.0	Omitted Preposition
0	58	6	major	5.0	Word Order
5	23	16	major	5.0	POS
2	3	26	major	5.0	Word Order
3	82	7	major	5.0	Lexical Selection
5	103	6	major	5.0	Lexical Selection
5	111	7	major	5.0	Word Order
4	68	4	major	5.0	Lexical Selection
2	44	7	major	5.0	Word Order
7	39	6	critical	10.0	Untranslated
3	0	11	major	5.0	POS
7	95	1	major	5.0	Other POS Omitted
7	153	2	major	5.0	Addition
8	70	5	major	5.0	Word Order
7	145	7	major	5.0	Lexical Selection
5	78	7	critical	10.0	Shouldn't Have Been Translated
7	185	1	major	5.0	Omitted Auxiliary Verb
7	96	11	major	5.0	Word Order
5	86	11	critical	10.0	Shouldn't Have Been Translated
3	70	11	major	5.0	Word Order
8	43	1	major	5.0	Omitted Determiner
2	29	1	major	5.0	Omitted Preposition
2	64	5	critical	10.0	Shouldn't Have Been Translated
7	155	6	major	5.0	POS
0	43	4	major	5.0	Addition
0	35	7	major	5.0	Word Order
2	56	7	critical	10.0	Shouldn't Have Been Translated
5	118	5	major	5.0	POS
