segment_id	annotation_start	annotation_length	severity	severity_weight	category
16	58	10	major	5.0	Lexical Selection
14	105	6	major	5.0	POS
4	4	1	major	5.0	Omitted Preposition
17	82	1	major	5.0	Other POS Omitted
11 11	160 170	6 6	major	5.0	Word Order
26	61	3	major	5.0	POS
29	114	5	major	5.0	Wrong Preposition
23	65	1	major	5.0	Other POS Omitted
16	150	1	major	5.0	Wrong Preposition
15	127	8	major	5.0	Untranslated
9 9	87 32	8 1	major	5.0	Word Order
20	132	4	major	5.0	Lexical Selection
32	151	1	major	5.0	Omitted Determiner
6	99	1	major	5.0	Omitted Preposition
8	63	1	major	5.0	Omitted Preposition
10	2	1	major	5.0	Other POS Omitted
23 23	131 151	6 1	major	5.0	Word Order
20 20	120 113	11 7	major	5.0	Word Order
11	119	5	major	5.0	False Friend
4	29	1	major	5.0	Omitted Determiner
16	115	8	major	5.0	False Friend
17	83	14	major	5.0	POS
29	0	6	minor	1.0	Omitted Determiner
20	331	1	major	5.0	Other POS Omitted
35	46	9	major	5.0	Addition
23 23	77 57	18 8	major	5.0	Word Order
37	119	2	major	5.0	Other POS Omitted
23	420	1	major	5.0	Omitted Determiner
25	50	2	major	5.0	Addition
8	177	9	major	5.0	Word Order
13	0	7	major	5.0	Omitted Determiner
23	214	14	major	5.0	Overly Literal
7	108	5	major	5.0	POS
27	166	2	major	5.0	Wrong Preposition
21	0	15	major	5.0	Lexical Selection
23	254	1	major	5.0	Other POS Omitted
24	0	7	major	5.0	Omitted Determiner
14	111	1	major	5.0	Omitted Preposition
13	8	4	major	5.0	Lexical Selection
22 22	42 85	12 1	major	5.0	Word Order
9	67	2	major	5.0	Addition
14	91	2	major	5.0	Wrong Preposition
5	137	4	major	5.0	Untranslated
37	110	1	major	5.0	Omitted Determiner
23	141	10	major	5.0	Lexical Selection
12	0	8	major	5.0	Omitted Determiner
25	217	1	major	5.0	Omitted Determiner
32 32	315 328	4 1	major	5.0	Word Order
14 14	51 40	10 1	major	5.0	Word Order
32	312	2	minor	1.0	Capitalization
32	319	1	major	5.0	Other POS Omitted
26	205	1	major	5.0	Untranslated
25	110	2	major	5.0	POS
9	96	1	major	5.0	Omitted Determiner
21	30	2	major	5.0	Addition
16 16	69 73	3 9	major	5.0	Word Order
35 35	71 84	7 1	major	5.0	Word Order
13	88	4	major	5.0	POS
26	329	1	major	5.0	Omitted Determiner
23	230	1	major	5.0	Omitted Determiner
32 32	334 333	5 28	major	5.0	Addition
9	53	3	major	5.0	Omitted Determiner
29	90	1	minor	1.0	Other POS Omitted
37	69	3	major	5.0	Untranslated
28 28	42 76	10 1	major	5.0	Word Order
22	139	7	minor	1.0	Lexical Selection
26	337	1	major	5.0	Omitted Preposition
3	114	4	minor	1.0	POS
9 9	33 41	3 1	major	5.0	Word Order
7	139	11	major	5.0	Overly Literal
3	0	1	major	5.0	Overly Literal
13	85	2	major	5.0	Addition
17	100	1	major	5.0	Omitted Determiner
31	113	3	minor	1.0	Wrong Determiner
6	68	1	major	5.0	Omitted Determiner
14	183	6	major	5.0	POS
32	287	9	major	5.0	Lexical Selection
9	111	3	major	5.0	Wrong Determiner
31	122	4	major	5.0	Wrong Preposition
15	39	1	major	5.0	Omitted Preposition
5	142	9	major	5.0	Tense/Mood/Aspect
20	143	1	major	5.0	Wrong Preposition
14	143	13	major	5.0	Lexical Selection
37	68	1	major	5.0	Omitted Preposition
14 14	25 61	12 1	major	5.0	Word Order
35	11	1	major	5.0	Omitted Preposition
29	131	4	major	5.0	False Friend
7 7	54 49	7 1	major	5.0	Word Order
32	233	3	major	5.0	Wrong Preposition
23	164	1	major	5.0	Omitted Determiner
13	13	3	major	5.0	Overly Literal
27	0	1	major	5.0	Other POS Omitted
32	422	1	major	5.0	Omitted Determiner
20	410	3	major	5.0	Addition
25 25	202 177	12 1	major	5.0	Word Order
7	104	3	major	5.0	Addition
19	68	9	major	5.0	POS
7	75	4	major	5.0	Untranslated
20	382	2	major	5.0	Wrong Determiner
20 20	332 350	12 2	major	5.0	Word Order
6	60	8	major	5.0	Untranslated
32	329	4	major	5.0	Lexical Selection
28 28	39 52	2 15	minor	1.0	Agreement
20	345	5	major	5.0	POS
22	136	2	major	5.0	Wrong Preposition
37 37	72 80	7 7	major	5.0	Word Order
16	68	1	major	5.0	Omitted Determiner
9 9	227 193	14 12	minor	1.0	Agreement
34 34	135 129	12 5	major	5.0	Word Order
5	127	10	major	5.0	Untranslated
17	97	1	major	5.0	Other POS Omitted
6	91	2	major	5.0	Wrong Preposition
7	63	12	major	5.0	Untranslated
37	97	1	minor	1.0	Omitted Preposition
8	169	7	major	5.0	Tense/Mood/Aspect
15 15	26 31	4 2	major	5.0	Word Order
8	74	4	major	5.0	Untranslated
10 11	71 3	9 10	major	5.0	Inconsistency
14	66	10	minor	1.0	Agreement
15 15	196 187	7 8	major	5.0	Word Order
27	180	2	major	5.0	Wrong Preposition
28	234	8	major	5.0	Omitted Determiner
8	163	6	major	5.0	Untranslated
6	26	1	minor	1.0	Other POS Omitted
15	0	1	major	5.0	Untranslated
22 22	73 54	12 1	major	5.0	Word Order
15	186	1	major	5.0	Omitted Determiner
15	33	1	major	5.0	Omitted Determiner
23 23	309 260	12 1	major	5.0	Word Order
20	258	1	major	5.0	Omitted Determiner
8	78	3	major	5.0	Untranslated
26 26	330 338	7 13	major	5.0	Word Order
5	102	6	major	5.0	Untranslated
21	90	7	major	5.0	Lexical Selection
20	24	2	major	5.0	Addition
25	0	6	major	5.0	Omitted Determiner
2	0	25	major	5.0	Overly Literal
15	30	1	major	5.0	Omitted Determiner
25	93	4	major	5.0	Addition
28	246	13	major	5.0	Untranslated
32	84	1	major	5.0	Other POS Omitted
15	135	3	major	5.0	Untranslated
33 33	129 90	6 1	major	5.0	Word Order
20	136	1	major	5.0	Omitted Determiner
20	421	1	major	5.0	Omitted Preposition
6 6	100 115	6 1	major	5.0	Word Order
35	79	5	major	5.0	Lexical Selection
5	20	5	major	5.0	Tense/Mood/Aspect
28	259	4	major	5.0	Untranslated
33	135	1	major	5.0	Other POS Omitted
5	19	1	major	5.0	Omitted Preposition
6	52	8	major	5.0	Untranslated
15 15	253 272	13 9	minor	1.0	Agreement
25	98	3	major	5.0	Omitted Determiner
14	189	1	major	5.0	Other POS Omitted
6	84	6	major	5.0	Lexical Selection
10	8	1	major	5.0	Omitted Preposition
21	20	9	major	5.0	Lexical Selection
37	121	1	major	5.0	Omitted Determiner
37	88	1	major	5.0	Omitted Determiner
23	242	3	major	5.0	Untranslated
22 22	70 55	2 8	major	5.0	Word Order
