segment_id	annotation_start	annotation_length	severity	severity_weight	category
16	75	1	major	5.0	Omitted Determiner
6 6	31 22	11 8	major	5.0	Word Order
21	320	7	major	5.0	Untranslated
2	68	1	major	5.0	Omitted Determiner
11 11	51 29	5 1	major	5.0	Word Order
9 9	11 331	11 19	major	5.0	Inconsistency
3 3	299 324	24 28	major	5.0	Word Order
18	111	3	major	5.0	POS
10	0	1	major	5.0	Omitted Determiner
9	213	1	major	5.0	Other POS Omitted
11 11	8 30	3 8	minor	1.0	Agreement
20	95	1	major	5.0	Omitted Conjunction
21	78	5	major	5.0	Untranslated
8	59	4	major	5.0	Untranslated
19	25	7	major	5.0	Tense/Mood/Aspect
12	1	4	major	5.0	Untranslated
21 21	151 139	6 1	major	5.0	Word Order
9	22	1	major	5.0	Omitted Conjunction
12	44	4	major	5.0	POS
7	80	1	major	5.0	Omitted Determiner
3	262	9	minor	1.0	Agreement
19	44	5	major	5.0	Addition
8	70	10	major	5.0	Lexical Selection
16	50	4	major	5.0	Untranslated
9	272	1	major	5.0	Addition
19 19	251 238	4 3	minor	1.0	Agreement
19 19	194 160	8 1	major	5.0	Word Order
19	73	7	major	5.0	Tense/Mood/Aspect
13	184	7	major	5.0	Lexical Selection
21	172	5	major	5.0	False Friend
12	60	3	major	5.0	Omitted Determiner
9	94	1	major	5.0	Omitted Conjunction
7	94	10	major	5.0	POS
5	30	5	major	5.0	Overly Literal
7	78	2	major	5.0	Wrong Preposition
3 3	0 18	12 7	minor	1.0	Agreement
14	58	6	major	5.0	Lexical Selection
14	55	3	major	5.0	Wrong Preposition
7	69	8	major	5.0	False Friend
17	56	1	major	5.0	Omitted Preposition
11	63	3	major	5.0	Omitted Determiner
19	255	1	major	5.0	Omitted Determiner
12	48	1	major	5.0	Omitted Pronoun
21	278	4	major	5.0	Untranslated
3	411	8	major	5.0	POS
11	58	3	major	5.0	Wrong Pronoun
21	186	8	major	5.0	Untranslated
13 13	121 108	8 1	major	5.0	Word Order
3	67	8	major	5.0	Addition
12	68	7	major	5.0	Lexical Selection
12	5	1	minor	1.0	Whitespace
3	380	2	minor	1.0	Whitespace
6	90	1	major	5.0	Omitted Determiner
21	315	5	major	5.0	Untranslated
17	49	7	major	5.0	False Friend
12	0	1	major	5.0	Untranslated
21	166	5	major	5.0	Untranslated
14	39	1	major	5.0	Other POS Omitted
19	32	1	major	5.0	Omitted Determiner
5	39	19	major	5.0	Lexical Selection
18	39	5	major	5.0	Lexical Selection
21 21	84 68	4 1	major	5.0	Word Order
19	203	19	major	5.0	Lexical Selection
21 21	254 232	4 3	major	5.0	Word Order
16	49	1	major	5.0	Untranslated
17 17	8 21	4 1	major	5.0	Word Order
20	213	5	major	5.0	Lexical Selection
21	194	3	major	5.0	Untranslated
19	136	1	major	5.0	Omitted Conjunction
6 5	91 64	19 10	major	5.0	Inconsistency
15 15	37 46	8 7	major	5.0	Word Order
3	85	1	major	5.0	Omitted Preposition
21	282	3	major	5.0	Untranslated
3	144	1	major	5.0	Omitted Auxiliary Verb
3 3	145 109	8 11	minor	1.0	Agreement
19	242	8	major	5.0	Lexical Selection
9	10	1	major	5.0	Omitted Determiner
21	198	2	major	5.0	Untranslated
9 9	218 186	7 12	minor	1.0	Agreement
3	253	5	minor	1.0	Agreement
15 15	116 75	7 10	minor	1.0	Agreement
18 18	89 98	5 12	major	5.0	Tense/Mood/Aspect
19	149	2	major	5.0	Addition
12	49	7	major	5.0	Tense/Mood/Aspect
20 20	52 19	10 11	minor	1.0	Agreement
16	18	8	major	5.0	False Friend
16	64	8	major	5.0	POS
21	171	1	minor	1.0	Hyphenation
9	233	4	major	5.0	Tense/Mood/Aspect
21	295	16	major	5.0	Lexical Selection
21 21	261 285	5 1	major	5.0	Word Order
21	213	5	major	5.0	Untranslated
16	73	2	major	5.0	Wrong Preposition
5	19	3	major	5.0	Addition
16	54	5	major	5.0	Untranslated
7	81	9	major	5.0	Untranslated
13	118	3	major	5.0	Addition
16	61	2	major	5.0	Tense/Mood/Aspect
12	34	2	major	5.0	Addition
21	219	6	major	5.0	Untranslated
5	12	1	major	5.0	Omitted Determiner
18	95	2	major	5.0	Addition
17 17	5 13	2 8	major	5.0	Tense/Mood/Aspect
19	151	5	major	5.0	Tense/Mood/Aspect
8	81	1	major	5.0	Other POS Omitted
9	32	7	major	5.0	Tense/Mood/Aspect
3	232	1	major	5.0	Omitted Pronoun
10 10	1 83	7 3	minor	1.0	Agreement
14	86	7	major	5.0	Tense/Mood/Aspect
21	30	7	major	5.0	False Friend
21	58	3	major	5.0	Wrong Pronoun
19	264	3	major	5.0	Addition
9	23	8	major	5.0	Addition
13	64	5	major	5.0	Tense/Mood/Aspect
19	172	15	minor	1.0	Lexical Selection
9	95	3	minor	1.0	Wrong Determiner
6	46	1	minor	1.0	Punctuation
19	256	7	major	5.0	Lexical Selection
6	43	3	major	5.0	Untranslated
12	67	1	major	5.0	Omitted Conjunction
14	43	4	major	5.0	Wrong Pronoun
3 2	47 13	19 12	minor	1.0	Inconsistency
8	34	7	major	5.0	False Friend
