segment_id	annotation_start	annotation_length	severity	severity_weight	category
12	293	8	major	5.0	Untranslated
13 13	37 46	8 7	major	5.0	Word Order
7	29	1	major	5.0	Omitted Determiner
3	102	1	major	5.0	Omitted Pronoun
12 12	310 292	6 1	major	5.0	Word Order
0	20	10	major	5.0	Untranslated
12	279	8	major	5.0	Lexical Selection
0	36	7	major	5.0	Untranslated
13	215	4	major	5.0	Wrong Determiner
0 0	44 0	5 7	major	5.0	Word Order
12	242	4	major	5.0	Unit Conversion
13	62	1	major	5.0	Other POS Omitted
12	366	3	major	5.0	Untranslated
12	115	6	major	5.0	Untranslated
13	231	2	major	5.0	Wrong Determiner
12	128	3	major	5.0	Unit Conversion
13	186	2	major	5.0	Hyphenation
14 14	51 62	10 8	major	5.0	Word Order
12 12	112 122	3 3	major	5.0	Unit Conversion
4	0	5	major	5.0	Lexical Selection
12 12	410 468	48 1	major	5.0	Word Order
13	220	7	major	5.0	Lexical Selection
4	29	1	major	5.0	Omitted Determiner
2	51	10	major	5.0	Untranslated
3	103	9	major	5.0	Tense/Mood/Aspect
7	13	8	major	5.0	Lexical Selection
13	234	10	major	5.0	Shouldn't Have Been Translated
3	39	1	major	5.0	Omitted Determiner
12	257	7	major	5.0	Untranslated
10 10	28 0	5 7	major	5.0	Word Order
9	68	10	major	5.0	Unit Conversion
13	15	11	minor	1.0	Lexical Selection
14	159	1	major	5.0	Omitted Preposition
12	382	3	major	5.0	Untranslated
14	90	3	major	5.0	Wrong Pronoun
7	0	5	major	5.0	Addition
2	62	9	major	5.0	Unit Conversion
2	82	8	major	5.0	Unit Conversion
3	23	7	minor	1.0	Lexical Selection
3	100	2	major	5.0	Addition
13	149	2	minor	1.0	Hyphenation
13	194	9	major	5.0	False Friend
7	22	7	major	5.0	Lexical Selection
3	52	1	major	5.0	Omitted Conjunction
3	53	2	major	5.0	Addition
12	459	9	major	5.0	POS
6	59	6	major	5.0	Tense/Mood/Aspect
8	44	6	major	5.0	Wrong Preposition
12	369	5	major	5.0	Untranslated
12	475	1	major	5.0	Omitted Conjunction
0	31	4	major	5.0	Shouldn't Have Been Translated
2 2	72 50	9 1	major	5.0	Word Order
6	66	4	major	5.0	Untranslated
10	95	14	major	5.0	Overly Literal
3	56	10	major	5.0	Tense/Mood/Aspect
3	55	1	major	5.0	Omitted Pronoun
3	48	4	major	5.0	Addition
14	187	4	major	5.0	Wrong Preposition
12	301	8	major	5.0	Untranslated
8	27	8	major	5.0	Lexical Selection
12	264	4	major	5.0	Untranslated
12	204	3	minor	1.0	Whitespace
3	79	2	major	5.0	Addition
3	99	1	major	5.0	Omitted Conjunction
8	36	7	major	5.0	POS
12	142	3	major	5.0	Unit Conversion
4	87	1	major	5.0	Other POS Omitted
14	215	3	major	5.0	Addition
0	55	8	major	5.0	Lexical Selection
3	67	11	major	5.0	Overly Literal
11 11	21 1	5 5	major	5.0	Agreement
2	149	5	major	5.0	Unit Conversion
