segment_id	annotation_start	annotation_length	severity	severity_weight	category
4	121	2	major	5.0	Addition
7	231	3	major	5.0	Wrong Determiner
8 8	0 25	8 7	minor	1.0	Agreement
6	111	1	major	5.0	Other POS Omitted
3	13	6	major	5.0	Lexical Selection
4 4	42 21	7 1	major	5.0	Word Order
5 5	132 142	6 7	major	5.0	Inconsistency
3	23	1	major	5.0	Omitted Determiner
4	51	11	major	5.0	False Friend
3 3	24 35	3 1	major	5.0	Word Order
6	176	2	major	5.0	Omitted Conjunction
2	124	4	minor	1.0	Overly Literal
6 6	88 103	7 1	major	5.0	Word Order
7 7	46 37	7 8	major	5.0	Word Order
0 0	14 0	7 7	major	5.0	Word Order
0	7	1	major	5.0	Omitted Preposition
6	68	5	major	5.0	Lexical Selection
5	141	1	major	5.0	Other POS Omitted
7 7	125 131	5 10	minor	1.0	Agreement
6	104	4	major	5.0	Tense/Mood/Aspect
6 6	0 19	8 10	minor	1.0	Agreement
2 2	87 93	5 8	minor	1.0	Agreement
3	120	2	major	5.0	Other POS Omitted
6	84	3	major	5.0	Untranslated
6	161	9	major	5.0	Addition
3	122	10	major	5.0	Tense/Mood/Aspect
8	187	12	major	5.0	Overly Literal
6	96	7	major	5.0	Untranslated
3 3	106 101	2 4	major	5.0	Word Order
4	124	9	major	5.0	Tense/Mood/Aspect
