segment_id	annotation_start	annotation_length	severity	severity_weight	category
0	33	3	critical	10.0	Untranslated
2	35	1	major	5.0	Capitalization
0	28	1	major	5.0	Omitted Determiner
2	11	1	major	5.0	Omitted Determiner
2	30	3	critical	10.0	Untranslated
0	18	1	major	5.0	Omitted Preposition
2	100	1	major	5.0	Omitted Preposition
2	111	1	major	5.0	Omitted Determiner
2	10	1	major	5.0	Omitted Preposition
0	27	1	major	5.0	Omitted Preposition
2	19	1	major	5.0	Omitted Determiner
2	70	6	major	5.0	Overly Literal
2	117	4	critical	10.0	Untranslated
2	18	1	major	5.0	Omitted Preposition
2	40	6	major	5.0	Lexical Selection
0	19	1	major	5.0	Omitted Determiner
2	17	1	major	5.0	Agreement
2	47	9	major	5.0	Lexical Selection
2	24	5	major	5.0	Lexical Selection
2	112	4	critical	10.0	Untranslated
