segment_id	annotation_start	annotation_length	severity	severity_weight	category
2	193	8	major	5.0	Lexical Selection
2	152	1	major	5.0	Omitted Determiner
2	0	15	major	5.0	Agreement
2	219	1	major	5.0	Omitted Determiner
2	220	5	major	5.0	Lexical Selection
2	208	6	critical	10.0	Untranslated
2	328	1	minor	1.0	Capitalization
2	299	1	major	5.0	Omitted Determiner
2	164	9	major	5.0	Tense/Mood/Aspect
2	83	5	major	5.0	Lexical Selection
2	203	4	critical	10.0	Untranslated
2	48	10	major	5.0	Word Order
2	139	2	major	5.0	Wrong Preposition
2	253	5	major	5.0	Word Order
2	312	9	critical	10.0	Untranslated
2	384	3	critical	10.0	Untranslated
2	26	14	major	5.0	Overly Literal
2	177	7	minor	1.0	Capitalization
2	396	1	major	5.0	Omitted Preposition
2	163	1	major	5.0	Omitted Pronoun
2	234	1	critical	10.0	Untranslated
2	321	6	critical	10.0	Untranslated
2	142	9	major	5.0	Capitalization
0	17	14	major	5.0	Overly Literal
2	130	9	major	5.0	Lexical Selection
2	388	4	major	5.0	Untranslated
2	301	9	major	5.0	Lexical Selection
2	47	1	major	5.0	Omitted Determiner
0	39	10	major	5.0	Word Order
2	236	11	major	5.0	Agreement
2	184	5	major	5.0	POS
