segment_id	annotation_start	annotation_length	severity	severity_weight	category
3	92	1	major	5.0	Omitted Determiner
5	66	5	major	5.0	Lexical Selection
3	34	1	major	5.0	Omitted Preposition
3	48	3	critical	10.0	Untranslated
3	85	7	major	5.0	Lexical Selection
5	72	6	major	5.0	Lexical Selection
3	3	17	critical	10.0	Shouldn't Have Been Translated
2 2	109 81	16 28	major	5.0	Word Order
3	84	1	major	5.0	Omitted Preposition
3	35	8	major	5.0	Word Order
0	39	3	critical	10.0	Untranslated
0	14	8	major	5.0	Word Order
0	0	13	critical	10.0	Shouldn't Have Been Translated
2	140	1	major	5.0	Agreement
3	93	6	major	5.0	Word Order
