segment_id	annotation_start	annotation_length	severity	severity_weight	category
8	117	6	critical	10.0	Untranslated
3	45	6	major	5.0	Lexical Selection
8	137	1	major	5.0	Omitted Determiner
3	73	6	major	5.0	POS
7	50	5	major	5.0	Word Order
3	80	2	major	5.0	Addition
8	112	4	major	5.0	Word Order
2	92	6	major	5.0	Lexical Selection
2	99	6	critical	10.0	Shouldn't Have Been Translated
6	110	4	major	5.0	Wrong Preposition
9	206	4	major	5.0	Wrong Preposition
4	15	5	major	5.0	Lexical Selection
5	66	4	critical	10.0	Untranslated
2	120	5	major	5.0	Lexical Selection
4	77	5	major	5.0	Tense/Mood/Aspect
8	124	1	major	5.0	Omitted Preposition
8	144	1	major	5.0	Addition
3	109	1	major	5.0	Omitted Preposition
3	131	1	major	5.0	Omitted Determiner
8	59	7	major	5.0	Agreement
4	146	11	major	5.0	Lexical Selection
10	37	2	major	5.0	Wrong Preposition
0	21	5	major	5.0	Lexical Selection
9	23	9	major	5.0	Agreement
0	27	4	critical	10.0	Shouldn't Have Been Translated
2	98	1	major	5.0	Omitted Preposition
9	162	6	major	5.0	Lexical Selection
2	113	6	critical	10.0	Shouldn't Have Been Translated
6	73	1	major	5.0	Omitted Determiner
0	32	4	critical	10.0	Untranslated
3	99	6	major	5.0	Agreement
2	41	7	major	5.0	Tense/Mood/Aspect
8	116	1	major	5.0	Omitted Preposition
9	161	1	major	5.0	Omitted Auxiliary Verb
9	22	1	major	5.0	Omitted Determiner
4	39	1	major	5.0	Omitted Determiner
2	75	8	major	5.0	Agreement
9	33	7	major	5.0	Agreement
7	16	6	major	5.0	POS
9	169	2	major	5.0	Addition
3	123	1	major	5.0	Omitted Determiner
2	0	11	major	5.0	Lexical Selection
5	27	1	major	5.0	Omitted Determiner
2	38	2	major	5.0	Wrong Pronoun
5	58	3	major	5.0	POS
5	100	4	major	5.0	Agreement
4	28	1	major	5.0	Other POS Omitted
8	111	1	major	5.0	Omitted Determiner
10	76	1	major	5.0	Omitted Determiner
0	37	4	critical	10.0	Untranslated
0	14	6	critical	10.0	Shouldn't Have Been Translated
10	39	1	major	5.0	Omitted Determiner
3	52	4	major	5.0	Wrong Preposition
0	0	7	critical	10.0	Shouldn't Have Been Translated
3	124	4	major	5.0	POS
5	93	1	major	5.0	Other POS Omitted
10	87	1	major	5.0	Omitted Determiner
8	138	5	major	5.0	Addition
