segment_id	annotation_start	annotation_length	severity	severity_weight	category
6	442	5	major	5.0	Untranslated
0	18	9	major	5.0	Untranslated
6	468	6	major	5.0	Untranslated
6	447	1	minor	1.0	Hyphenation
3	115	16	major	5.0	POS
8	74	1	major	5.0	Omitted Preposition
6	689	6	major	5.0	POS
6	393	1	minor	1.0	Omitted Determiner
3 3	184 166	18 1	major	5.0	Word Order
3 3	135 113	14 2	major	5.0	Word Order
5	89	1	minor	1.0	Omitted Determiner
8	0	5	major	5.0	Omitted Determiner
6	683	1	major	5.0	Omitted Determiner
6	359	1	major	5.0	Omitted Determiner
6	434	8	major	5.0	Untranslated
6 6	736 746	9 9	major	5.0	Word Order
6 6	146 120	6 8	minor	1.0	Agreement
6	118	2	major	5.0	Omitted Determiner
6 6	24 37	12 7	major	5.0	Word Order
10	206	8	major	5.0	Lexical Selection
6 6	796 787	5 8	major	5.0	Word Order
6	549	5	major	5.0	Untranslated
6	296	6	major	5.0	Untranslated
9	9	2	major	5.0	Wrong Pronoun
10	0	8	major	5.0	Other POS Omitted
6 6	655 636	2 6	major	5.0	Inconsistency
10	197	1	major	5.0	Other POS Omitted
5	42	1	minor	1.0	Omitted Determiner
10	74	2	minor	1.0	Wrong Determiner
6	786	1	major	5.0	Omitted Determiner
11 11	145 126	8 1	major	5.0	Word Order
6 6	181 158	7 8	minor	1.0	Agreement
6	658	4	major	5.0	Untranslated
9	75	1	major	5.0	Other POS Omitted
6	678	5	major	5.0	Untranslated
9	67	8	minor	1.0	Lexical Selection
6	820	3	minor	1.0	Wrong Determiner
9	76	2	major	5.0	Wrong Preposition
2 2	121 111	5 1	major	5.0	Word Order
10 10	157 161	3 3	minor	1.0	Agreement
6	624	1	major	5.0	Omitted Preposition
9	20	1	major	5.0	Other POS Omitted
6	577	6	major	5.0	Untranslated
11	47	2	minor	1.0	Wrong Determiner
0	28	4	major	5.0	Untranslated
6	684	4	major	5.0	POS
6	583	7	major	5.0	Untranslated
6	701	8	major	5.0	Untranslated
5	77	1	minor	1.0	Omitted Determiner
9	78	5	major	5.0	POS
6	49	1	major	5.0	Omitted Determiner
4 4	68 45	5 1	major	5.0	Word Order
6	448	4	major	5.0	Wrong Preposition
4 4	93 86	9 6	major	5.0	Word Order
6	543	6	major	5.0	Untranslated
6	157	1	major	5.0	Omitted Determiner
6	375	1	minor	1.0	Omitted Determiner
6 6	709 688	7 1	major	5.0	Word Order
6	457	11	major	5.0	POS
4	85	1	major	5.0	Omitted Preposition
9	253	7	minor	1.0	Lexical Selection
4	78	1	major	5.0	Omitted Determiner
6	17	1	major	5.0	Omitted Preposition
6 6	555 539	11 1	major	5.0	Word Order
6	642	1	major	5.0	Omitted Preposition
5	49	1	minor	1.0	Omitted Determiner
2 2	127 86	9 1	major	5.0	Word Order
5	67	1	minor	1.0	Omitted Determiner
5	33	1	minor	1.0	Omitted Determiner
4 4	46 58	9 6	major	5.0	Word Order
3	160	6	major	5.0	Lexical Selection
3	132	2	major	5.0	Addition
7	40	1	major	5.0	Omitted Conjunction
2	74	1	major	5.0	Other POS Omitted
8	87	1	major	5.0	Omitted Preposition
6	333	2	minor	1.0	Whitespace
6	416	4	major	5.0	Untranslated
6	662	6	major	5.0	Untranslated
6 6	567 608	6 1	major	5.0	Word Order
6 6	574 612	2 1	major	5.0	Word Order
9	252	1	major	5.0	Omitted Auxiliary Verb
6	81	1	major	5.0	Omitted Preposition
9	104	1	major	5.0	Other POS Omitted
6	403	1	minor	1.0	Omitted Determiner
9	161	1	major	5.0	Omitted Preposition
8	103	1	major	5.0	Omitted Pronoun
6	533	6	major	5.0	Lexical Selection
8	52	11	major	5.0	Omitted Pronoun
6	292	4	major	5.0	Untranslated
6 6	590 576	18 1	major	5.0	Word Order
6	368	1	minor	1.0	Omitted Determiner
4 4	64 55	3 1	major	5.0	Word Order
9	221	6	minor	1.0	Lexical Selection
6	507	1	major	5.0	Omitted Determiner
6	696	5	major	5.0	Duplication
