segment_id	annotation_start	annotation_length	severity	severity_weight	category
7	17	17	major	5.0	Lexical Selection
3	36	8	major	5.0	Agreement
9	26	4	critical	10.0	Untranslated
6	14	7	critical	10.0	Untranslated
0	7	3	critical	10.0	Untranslated
6	42	5	major	5.0	Lexical Selection
0	19	3	major	5.0	Word Order
9	39	14	major	5.0	Word Order
9	58	7	major	5.0	Agreement
4	41	6	major	5.0	Agreement
6	8	5	major	5.0	Lexical Selection
12	18	11	critical	10.0	Untranslated
0	0	6	major	5.0	Lexical Selection
9	108	7	major	5.0	Lexical Selection
5	0	4	major	5.0	Addition
7	65	9	critical	10.0	Untranslated
