segment_id	annotation_start	annotation_length	severity	severity_weight	category
2	130	6	major	5.0	Lexical Selection
2	109	12	critical	10.0	Shouldn't Have Been Translated
6	66	4	critical	10.0	Untranslated
9	124	1	major	5.0	Omitted Preposition
0	5	3	critical	10.0	Shouldn't Have Been Translated
11	37	2	major	5.0	Wrong Preposition
3	86	1	major	5.0	Omitted Preposition
10	162	6	major	5.0	Lexical Selection
3	151	6	major	5.0	POS
9	144	1	major	5.0	Wrong Preposition
11	76	1	major	5.0	Omitted Determiner
10	33	7	major	5.0	Agreement
10	169	2	major	5.0	Addition
0	38	4	major	5.0	Word Order
2	0	11	major	5.0	Lexical Selection
4	34	1	major	5.0	Omitted Determiner
5	77	5	major	5.0	Tense/Mood/Aspect
3	52	4	major	5.0	Wrong Preposition
4 4	65 71	5 7	major	5.0	Word Order
0	29	6	critical	10.0	Shouldn't Have Been Translated
0	42	1	major	5.0	Other POS Omitted
9	117	6	critical	10.0	Untranslated
0	54	4	critical	10.0	Untranslated
6	27	1	major	5.0	Omitted Determiner
9	112	4	major	5.0	Word Order
10	161	1	major	5.0	Omitted Auxiliary Verb
7	110	4	major	5.0	Wrong Preposition
10	23	9	major	5.0	Agreement
3	127	5	major	5.0	Word Order
3	45	6	major	5.0	Lexical Selection
10	22	1	major	5.0	Omitted Determiner
3	137	2	major	5.0	Addition
5	146	10	major	5.0	Lexical Selection
11	39	1	major	5.0	Omitted Determiner
5	39	1	major	5.0	Omitted Determiner
9	116	1	major	5.0	Omitted Preposition
3	96	13	major	5.0	Word Order
2	75	8	major	5.0	Agreement
2	97	11	major	5.0	Word Order
9	138	5	major	5.0	Addition
5	15	5	major	5.0	Lexical Selection
10	206	4	major	5.0	Wrong Preposition
3	87	7	major	5.0	Word Order
4	101	1	major	5.0	Omitted Determiner
6	100	3	major	5.0	Agreement
4	24	6	major	5.0	Agreement
7	73	1	major	5.0	Omitted Determiner
0	43	7	major	5.0	Lexical Selection
8	16	5	major	5.0	POS
2	92	4	critical	10.0	Untranslated
8	50	5	major	5.0	Word Order
0	51	2	major	5.0	Addition
2	122	7	major	5.0	Lexical Selection
6	93	1	major	5.0	Other POS Omitted
9	111	1	major	5.0	Omitted Determiner
0	15	13	critical	10.0	Shouldn't Have Been Translated
4	13	7	major	5.0	Lexical Selection
0	0	4	major	5.0	Word Order
4	35	4	major	5.0	POS
11	87	1	major	5.0	Omitted Determiner
2	38	2	major	5.0	Wrong Pronoun
5	28	1	major	5.0	Other POS Omitted
3	111	12	major	5.0	Word Order
2	41	7	major	5.0	Tense/Mood/Aspect
9	59	7	major	5.0	Agreement
6	58	3	major	5.0	POS
