segment_id	annotation_start	annotation_length	severity	severity_weight	category
0	38	5	major	5.0	Untranslated
3	29	2	major	5.0	Wrong Determiner
4	44	3	major	5.0	Untranslated
3	36	1	minor	1.0	Hyphenation
3 3	44 31	5 1	major	5.0	Word Order
4 4	31 40	4 1	major	5.0	Word Order
4	36	4	major	5.0	Untranslated
3	88	1	major	5.0	Omitted Conjunction
3	43	1	minor	1.0	Hyphenation
3 3	13 0	5 12	major	5.0	Word Order
4	0	1	major	5.0	Omitted Determiner
0	22	6	major	5.0	Under-translation
2	58	5	minor	1.0	Capitalization
3	32	4	major	5.0	Untranslated
2	11	11	major	5.0	Shouldn't Have Been Translated
