segment_id	annotation_start	annotation_length	severity	severity_weight	category
2	409	1	major	5.0	Wrong Preposition
6	855	6	major	5.0	Lexical Selection
5	165	4	major	5.0	Word Order
3	117	1	major	5.0	Omitted Determiner
7	21	8	critical	10.0	Untranslated
2	313	1	minor	1.0	Punctuation
3	260	3	major	5.0	Capitalization
6	710	4	major	5.0	Lexical Selection
6	369	5	major	5.0	Agreement
2	271	13	major	5.0	Word Order
6	448	1	major	5.0	Omitted Determiner
6	891	9	major	5.0	Word Order
0	0	4	major	5.0	Word Order
0	5	5	critical	10.0	Shouldn't Have Been Translated
3	104	2	major	5.0	Addition
2	97	4	major	5.0	Lexical Selection
2	185	3	major	5.0	Wrong Conjunction
0	11	8	critical	10.0	Shouldn't Have Been Translated
3	292	1	major	5.0	Omitted Determiner
3	0	1	major	5.0	Omitted Determiner
6	231	4	major	5.0	Capitalization
6 6	54 46	16 7	major	5.0	Word Order
6	0	3	major	5.0	Agreement
3	54	6	major	5.0	Addition
6	753	11	major	5.0	Lexical Selection
6	664	3	major	5.0	Capitalization
6	972	10	major	5.0	Lexical Selection
2	265	5	major	5.0	Agreement
6	921	6	major	5.0	Lexical Selection
3	64	6	major	5.0	Lexical Selection
2	360	4	critical	10.0	Untranslated
2	365	3	critical	10.0	Untranslated
5	95	8	critical	10.0	Shouldn't Have Been Translated
6	969	2	major	5.0	Agreement
2	359	1	major	5.0	Omitted Determiner
3	153	2	major	5.0	Capitalization
2	381	1	major	5.0	Omitted Determiner
5	46	6	critical	10.0	Shouldn't Have Been Translated
2	201	4	major	5.0	Capitalization
2	124	4	major	5.0	Capitalization
6	90	4	major	5.0	Capitalization
6	387	7	major	5.0	Lexical Selection
6	482	8	critical	10.0	Shouldn't Have Been Translated
5	129	6	major	5.0	Agreement
6	170	1	major	5.0	Omitted Conjunction
6	475	6	critical	10.0	Shouldn't Have Been Translated
3	329	2	major	5.0	Word Order
2	337	1	major	5.0	Omitted Determiner
3	231	8	major	5.0	Lexical Selection
3	61	2	major	5.0	Addition
6	278	9	major	5.0	Lexical Selection
6	989	4	major	5.0	Tense/Mood/Aspect
6	345	7	major	5.0	Lexical Selection
4	95	8	major	5.0	Lexical Selection
3	76	8	major	5.0	Lexical Selection
5	171	10	major	5.0	Lexical Selection
6	663	1	major	5.0	Other POS Omitted
6	425	7	major	5.0	Agreement
5	119	6	major	5.0	POS
3	49	5	major	5.0	Addition
3	301	6	major	5.0	Agreement
6	424	1	major	5.0	Omitted Pronoun
3	107	9	major	5.0	Lexical Selection
2	382	4	major	5.0	Lexical Selection
3	142	1	major	5.0	Omitted Determiner
6	4	12	major	5.0	POS
6	375	11	major	5.0	POS
3	227	3	major	5.0	Agreement
6	83	5	critical	10.0	Untranslated
3	133	1	major	5.0	Omitted Determiner
2	445	1	major	5.0	Omitted Preposition
3	169	1	major	5.0	Omitted Determiner
6	938	1	major	5.0	Other POS Omitted
6	560	3	major	5.0	Capitalization
3	332	9	major	5.0	Lexical Selection
6	461	8	major	5.0	Agreement
6	342	2	major	5.0	Agreement
2	369	1	major	5.0	Omitted Determiner
2	386	1	major	5.0	Punctuation
5	53	9	critical	10.0	Shouldn't Have Been Translated
6	45	1	major	5.0	Omitted Determiner
6 6	220 199	8 20	major	5.0	Word Order
6 6	258 252	6 5	major	5.0	Word Order
2	262	2	major	5.0	Agreement
5	85	3	major	5.0	Capitalization
3	361	1	major	5.0	Omitted Determiner
2	284	1	major	5.0	Omitted Preposition
6	983	5	major	5.0	Agreement
2	426	2	critical	10.0	Untranslated
5	0	5	major	5.0	Agreement
3	170	4	critical	10.0	Untranslated
5	114	4	major	5.0	Addition
2	429	8	major	5.0	Word Order
6	593	2	major	5.0	Agreement
6	583	9	major	5.0	Lexical Selection
2	327	9	major	5.0	Lexical Selection
6	137	5	major	5.0	Agreement
6	471	3	critical	10.0	Untranslated
6	890	1	major	5.0	Omitted Pronoun
2	156	1	major	5.0	Punctuation
6	396	6	major	5.0	Capitalization
6	176	9	major	5.0	Agreement
3	103	1	major	5.0	Omitted Determiner
2	421	4	critical	10.0	Untranslated
2	211	5	major	5.0	Agreement
3	399	1	major	5.0	Omitted Conjunction
6	939	5	major	5.0	POS
3	34	4	major	5.0	Wrong Preposition
6	433	5	major	5.0	Agreement
6	900	11	major	5.0	POS
2	193	1	major	5.0	Omitted Auxiliary Verb
3	39	9	major	5.0	POS
6	639	3	major	5.0	Wrong Preposition
5	89	5	critical	10.0	Shouldn't Have Been Translated
2	300	5	major	5.0	Lexical Selection
3	353	1	major	5.0	Omitted Determiner
6	36	9	major	5.0	Lexical Selection
2	437	1	major	5.0	Omitted Conjunction
6	291	7	major	5.0	Lexical Selection
7	29	9	critical	10.0	Untranslated
2 2	446 453	6 6	major	5.0	Word Order
