segment_id	annotation_start	annotation_length	severity	severity_weight	category
4	27	6	major	5.0	Lexical Selection
6	131	32	major	5.0	Overly Literal
4	65	2	major	5.0	Wrong Preposition
3	64	10	critical	10.0	Untranslated
4	11	5	major	5.0	Lexical Selection
2	101	3	critical	10.0	Untranslated
3	37	5	major	5.0	Lexical Selection
5	19	5	major	5.0	Lexical Selection
6	208	1	major	5.0	Omitted Determiner
4	127	6	major	5.0	Word Order
6	330	6	major	5.0	Lexical Selection
6	410	1	major	5.0	Over-translation
5	108	1	major	5.0	Omitted Preposition
3	25	6	major	5.0	Word Order
6	313	15	major	5.0	Word Order
5	127	1	major	5.0	Omitted Determiner
4	153	10	major	5.0	Lexical Selection
6	23	39	major	5.0	Overly Literal
6	177	4	major	5.0	Lexical Selection
5	60	7	major	5.0	Word Order
5	197	5	major	5.0	Wrong Preposition
3	54	6	major	5.0	POS
3	144	18	major	5.0	Lexical Selection
3	230	6	major	5.0	Tense/Mood/Aspect
2	70	7	major	5.0	Lexical Selection
6	63	1	major	5.0	Omitted Determiner
2	50	4	major	5.0	Word Order
0	0	5	major	5.0	Lexical Selection
6	412	5	major	5.0	Lexical Selection
4	9	1	major	5.0	Over-translation
0	6	1	major	5.0	Over-translation
6	220	6	major	5.0	Lexical Selection
2	44	5	major	5.0	Lexical Selection
3	294	11	major	5.0	Tense/Mood/Aspect
4	50	5	major	5.0	Tense/Mood/Aspect
3	221	1	major	5.0	Omitted Determiner
5	145	7	major	5.0	Lexical Selection
6 6 6	378 394 165	15 16 11	critical	10.0	Untranslated
