segment_id	annotation_start	annotation_length	severity	severity_weight	category
2	20	1	major	5.0	Untranslated
2	31	2	major	5.0	Untranslated
4	96	1	major	5.0	Other POS Omitted
3	85	1	major	5.0	Other POS Omitted
3 3	341 350	8 8	major	5.0	Word Order
4	120	6	major	5.0	Untranslated
3	340	1	major	5.0	Other POS Omitted
3	14	1	major	5.0	Other POS Omitted
2	175	2	minor	1.0	Addition
0 0	24 44	19 10	major	5.0	Word Order
3	234	1	major	5.0	Other POS Omitted
2	138	1	major	5.0	Omitted Determiner
4	144	1	major	5.0	Omitted Determiner
3	314	6	minor	1.0	Capitalization
2	0	1	minor	1.0	Diacritics
0 0	54 0	10 8	major	5.0	Word Order
4	105	1	major	5.0	Other POS Omitted
5	24	2	major	5.0	Addition
2	22	8	major	5.0	Untranslated
5 5	0 51	11 12	minor	1.0	Agreement
3 3	235 246	10 9	major	5.0	Word Order
3	245	1	major	5.0	Omitted Preposition
3	176	1	major	5.0	Other POS Omitted
2	172	2	minor	1.0	Wrong Preposition
3 3	261 294	3 8	major	5.0	Shouldn't Have Been Translated
3	359	3	major	5.0	POS
3	324	2	major	5.0	Addition
3	255	5	major	5.0	POS
