segment_id	annotation_start	annotation_length	severity	severity_weight	category
0	17	9	critical	10.0	Shouldn't Have Been Translated
0	27	8	critical	10.0	Shouldn't Have Been Translated
0	11	5	critical	10.0	Shouldn't Have Been Translated
3	27	22	major	5.0	Word Order
0	49	8	critical	10.0	Shouldn't Have Been Translated
3	146	7	major	5.0	Agreement
4	105	8	major	5.0	Lexical Selection
2	70	8	critical	10.0	Shouldn't Have Been Translated
3	50	5	critical	10.0	Untranslated
5	0	5	major	5.0	Agreement
5	69	6	major	5.0	Agreement
5	47	11	major	5.0	Word Order
2	49	3	critical	10.0	Shouldn't Have Been Translated
3	82	2	major	5.0	Wrong Preposition
3	89	1	major	5.0	Omitted Preposition
3	56	4	critical	10.0	Untranslated
0	36	12	critical	10.0	Shouldn't Have Been Translated
