segment_id	annotation_start	annotation_length	severity	severity_weight	category
6	105	5	major	5.0	Lexical Selection
6	198	9	major	5.0	Addition
6	50	9	major	5.0	POS
0	51	7	minor	1.0	Addition
6	148	1	major	5.0	Other POS Omitted
4	88	4	major	5.0	Wrong Preposition
7 7	131 125	10 5	minor	1.0	Agreement
5	20	11	major	5.0	POS
6 6	125 140	7 1	major	5.0	Word Order
8	187	12	major	5.0	Overly Literal
5	138	1	major	5.0	Omitted Preposition
2	38	2	major	5.0	Wrong Determiner
2 2	58 48	8 1	major	5.0	Word Order
6	133	7	major	5.0	Untranslated
8 8	25 0	7 8	minor	1.0	Agreement
0 0	14 41	7 1	major	5.0	Word Order
2 2	75 41	13 7	major	5.0	Word Order
7 7	46 37	7 8	major	5.0	Word Order
2	74	1	major	5.0	Omitted Preposition
6	214	1	major	5.0	Omitted Conjunction
6	121	4	major	5.0	Untranslated
6	141	4	major	5.0	Tense/Mood/Aspect
