segment_id	annotation_start	annotation_length	severity	severity_weight	category
0 0	20 22	1 7	minor	1.0	Agreement
2	110	9	major	5.0	Lexical Selection
0 0	30 57	7 1	major	5.0	Word Order
2	98	2	major	5.0	Addition
2	53	2	major	5.0	Other POS Omitted
2 2	20 22	1 7	minor	1.0	Agreement
2	120	8	minor	1.0	POS
0 0	38 8	10 1	minor	1.0	Word Order
2	516	6	major	5.0	POS
2	268	12	major	5.0	Omitted Determiner
2	540	3	major	5.0	Untranslated
2 2	151 89	11 1	major	5.0	Word Order
2 2	74 163	1 8	major	5.0	Word Order
0	21	1	minor	1.0	Hyphenation
2	479	22	major	5.0	Lexical Selection
2	80	1	major	5.0	Other POS Omitted
2	101	7	major	5.0	Untranslated
2	41	8	major	5.0	Lexical Selection
