segment_id	annotation_start	annotation_length	severity	severity_weight	category
5	111	4	major	5.0	Overly Literal
3	125	1	major	5.0	Omitted Preposition
0 0	13 34	10 1	major	5.0	Word Order
5	79	7	minor	1.0	Lexical Selection
4 4	50 32	16 1	major	5.0	Word Order
5	0	12	major	5.0	Omitted Determiner
2	17	7	major	5.0	Lexical Selection
6	3	4	major	5.0	Untranslated
4	92	6	major	5.0	Tense/Mood/Aspect
4	75	2	major	5.0	Addition
5	71	4	minor	1.0	Orthography
4	192	5	major	5.0	POS
2	37	4	major	5.0	Overly Literal
4	67	1	major	5.0	Omitted Determiner
3	64	1	major	5.0	Omitted Preposition
4	68	6	major	5.0	Lexical Selection
4 4	198 191	5 1	major	5.0	Word Order
3	103	9	minor	1.0	Agreement
3	90	5	major	5.0	Overly Literal
4	98	1	major	5.0	Omitted Determiner
4	249	5	major	5.0	POS
3	0	8	major	5.0	Other POS Omitted
5	177	9	major	5.0	Tense/Mood/Aspect
5 5	170 186	7 1	major	5.0	Word Order
6	11	6	major	5.0	Shouldn't Have Been Translated
4 4	236 254	13 1	major	5.0	Word Order
4	78	6	major	5.0	Shouldn't Have Been Translated
3 3	72 45	5 1	major	5.0	Word Order
0	29	5	major	5.0	Untranslated
5	53	16	major	5.0	False Friend
0	41	1	major	5.0	Omitted Preposition
0	37	4	major	5.0	Untranslated
4 4	187 178	4 1	major	5.0	Word Order
4	99	8	major	5.0	Lexical Selection
0 0	0 35	6 1	major	5.0	Word Order
3	83	6	minor	1.0	Lexical Selection
3	119	6	minor	1.0	Lexical Selection
4	0	5	major	5.0	Other POS Omitted
4 4	107 107	1 1	major	5.0	Omitted Preposition
5	45	6	major	5.0	Shouldn't Have Been Translated
