segment_id	annotation_start	annotation_length	severity	severity_weight	category
2	27	8	major	5.0	Lexical Selection
3	44	8	major	5.0	Lexical Selection
2	8	1	major	5.0	Other POS Omitted
4	89	1	major	5.0	Omitted Preposition
4	109	6	major	5.0	Word Order
2	0	1	major	5.0	Omitted Determiner
2	108	6	major	5.0	Lexical Selection
3	81	12	major	5.0	Word Order
3	74	1	major	5.0	Omitted Preposition
3	43	1	major	5.0	Omitted Determiner
4	87	2	major	5.0	Wrong Determiner
2	165	2	critical	10.0	Untranslated
0	24	7	minor	1.0	Word Order
4	115	1	major	5.0	Punctuation
