segment_id	annotation_start	annotation_length	severity	severity_weight	category
3	300	8	major	5.0	Lexical Selection
4	30	9	major	5.0	Lexical Selection
0 0 0 0	50 27 8 0	9 22 18 7	major	5.0	Word Order
3	312	2	major	5.0	Wrong Preposition
4	28	2	major	5.0	Wrong Determiner
3	347	9	major	5.0	Lexical Selection
3	88	10	major	5.0	POS
3	297	2	major	5.0	Wrong Preposition
3	387	8	major	5.0	Lexical Selection
3	127	2	major	5.0	Addition
2	161	9	minor	1.0	Lexical Selection
2	196	1	major	5.0	Omitted Preposition
3	111	12	major	5.0	Lexical Selection
3	266	8	major	5.0	Tense/Mood/Aspect
4 4	11 0	11 6	major	5.0	Word Order
3	99	2	major	5.0	Wrong Determiner
3	74	10	major	5.0	POS
3 3	147 143	5 3	major	5.0	Word Order
3	215	7	major	5.0	Unit Conversion
3	185	2	major	5.0	Wrong Preposition
2	125	1	major	5.0	Omitted Preposition
3 3	228 191	6 9	major	5.0	Agreement
3 3	154 3	4 9	major	5.0	Agreement
2 2 2	91 74 66	34 16 7	major	5.0	Word Order
3	101	9	major	5.0	Lexical Selection
