segment_id	annotation_start	annotation_length	severity	severity_weight	category
9	33	26	major	5.0	Overly Literal
7	40	3	major	5.0	Wrong Determiner
8	0	5	major	5.0	Agreement
3	35	9	major	5.0	Tense/Mood/Aspect
4	10	1	major	5.0	Omitted Determiner
4	60	9	major	5.0	Omitted Determiner
7	63	8	major	5.0	Over-translation
8	210	2	major	5.0	Over-translation
5	36	5	major	5.0	Agreement
1	29	9	major	5.0	Lexical Selection
8	59	10	major	5.0	Omitted Determiner
1	25	2	major	5.0	Lexical Selection
0	25	2	major	5.0	Lexical Selection
11	21	7	major	5.0	Lexical Selection
7	55	1	major	5.0	Omitted Preposition
7	76	10	major	5.0	Lexical Selection
8	36	12	major	5.0	Lexical Selection
4	79	7	major	5.0	Lexical Selection
11	5	1	major	5.0	Omitted Determiner
3	106	9	major	5.0	Lexical Selection
0	29	9	major	5.0	Lexical Selection
3	11	8	major	5.0	Lexical Selection
11	20	1	major	5.0	Omitted Determiner
8	136	10	major	5.0	POS
7	100	20	major	5.0	Word Order
10	38	8	major	5.0	Lexical Selection
8	198	11	major	5.0	POS
4	141	8	major	5.0	POS
