segment_id	annotation_start	annotation_length	severity	severity_weight	category
5	54	8	major	5.0	Addition
7	23	5	major	5.0	POS
8	34	8	major	5.0	POS
4	19	2	major	5.0	Wrong Preposition
0 0	35 15	6 1	major	5.0	Word Order
2	29	2	major	5.0	Addition
9	0	4	major	5.0	Untranslated
4	7	11	major	5.0	Overly Literal
0	42	3	major	5.0	Untranslated
0	26	1	major	5.0	Omitted Preposition
8	18	1	major	5.0	Omitted Preposition
8 8	0 19	18 8	major	5.0	Word Order
6	36	4	major	5.0	Overly Literal
8	27	1	major	5.0	Omitted Auxiliary Verb
6	0	5	major	5.0	Other POS Omitted
