segment_id	annotation_start	annotation_length	severity	severity_weight	category
4	12	7	major	5.0	Lexical Selection
0	27	4	critical	10.0	Untranslated
5	92	6	major	5.0	Untranslated
7	45	1	major	5.0	Omitted Determiner
9	6	2	major	5.0	Addition
7	137	3	major	5.0	Untranslated
5	82	1	major	5.0	Omitted Preposition
9	0	5	major	5.0	Word Order
7	75	1	major	5.0	Omitted Preposition
7	189	1	major	5.0	Omitted Preposition
3	105	2	major	5.0	Wrong Determiner
3	102	2	major	5.0	Wrong Preposition
7	245	9	major	5.0	Lexical Selection
7 7	219 211	4 7	major	5.0	Word Order
9	9	5	major	5.0	Word Order
3	129	2	major	5.0	Wrong Determiner
5	99	5	major	5.0	Word Order
0	22	4	critical	10.0	Untranslated
9	53	7	major	5.0	Agreement
7	76	12	major	5.0	Word Order
8	60	2	major	5.0	Wrong Preposition
5	67	7	critical	10.0	Shouldn't Have Been Translated
7	207	3	major	5.0	Addition
7	223	1	major	5.0	Omitted Preposition
2	114	4	major	5.0	Addition
2	119	6	major	5.0	Lexical Selection
9	21	9	major	5.0	Lexical Selection
7	89	12	major	5.0	POS
8	69	1	critical	10.0	Other POS Omitted
