segment_id	annotation_start	annotation_length	severity	severity_weight	category
0	0	5	major	5.0	Untranslated
2	74	2	major	5.0	Wrong Preposition
3	100	3	major	5.0	Wrong Preposition
2	85	3	major	5.0	Untranslated
0	6	4	major	5.0	Untranslated
3	53	6	major	5.0	Lexical Selection
4	21	1	major	5.0	Other POS Omitted
3	103	1	major	5.0	Omitted Preposition
4	53	5	major	5.0	Overly Literal
2	3	7	major	5.0	Lexical Selection
3	36	3	major	5.0	Wrong Determiner
5	64	6	major	5.0	Lexical Selection
3	88	11	major	5.0	Overly Literal
2	84	1	major	5.0	Omitted Preposition
