segment_id	annotation_start	annotation_length	severity	severity_weight	category
5	185	9	major	5.0	Lexical Selection
2	3	7	major	5.0	Lexical Selection
3	89	1	major	5.0	Omitted Preposition
4	109	8	major	5.0	Word Order
3	52	7	critical	10.0	Untranslated
2	44	9	major	5.0	POS
3	78	1	major	5.0	Omitted Preposition
5	77	3	critical	10.0	Untranslated
7	6	2	major	5.0	Addition
2	2	1	major	5.0	Other POS Omitted
4	66	1	major	5.0	Omitted Preposition
2	87	1	major	5.0	Omitted Preposition
2	22	9	major	5.0	Lexical Selection
7	53	7	major	5.0	Agreement
7	0	5	major	5.0	Word Order
0	26	9	critical	10.0	Shouldn't Have Been Translated
4	50	2	major	5.0	Addition
4	106	2	major	5.0	Addition
3	51	1	major	5.0	Omitted Determiner
4	49	1	minor	1.0	Punctuation
4	88	1	major	5.0	Omitted Conjunction
0	17	2	major	5.0	Addition
0	12	4	major	5.0	Wrong Preposition
4	89	9	major	5.0	Word Order
2	95	6	major	5.0	Lexical Selection
0	36	5	major	5.0	Word Order
4	99	6	major	5.0	Word Order
2	154	4	critical	10.0	Shouldn't Have Been Translated
3	67	1	major	5.0	Omitted Preposition
0	20	5	critical	10.0	Shouldn't Have Been Translated
5	159	4	major	5.0	Wrong Preposition
2	41	2	major	5.0	Wrong Preposition
7	21	9	major	5.0	Lexical Selection
3	37	5	major	5.0	Word Order
7	9	5	major	5.0	Word Order
2	159	5	critical	10.0	Shouldn't Have Been Translated
5	147	3	major	5.0	Omitted Preposition
6	69	1	major	5.0	Other POS Omitted
6	60	3	major	5.0	Wrong Preposition
4	52	1	major	5.0	Omitted Determiner
2	0	2	major	5.0	Wrong Conjunction
