segment_id	annotation_start	annotation_length	severity	severity_weight	category
11	51	10	major	5.0	Word Order
2	172	16	major	5.0	Word Order
2	205	6	major	5.0	Unidiomatic
0	39	7	major	5.0	Word Order
9	781	1	major	5.0	Omitted Conjunction
9	120	9	minor	1.0	Word Order
11	200	1	major	5.0	Omitted Determiner
6	35	7	major	5.0	Word Order
3	90	1	major	5.0	Omitted Preposition
9	354	11	major	5.0	False Friend
5	21	5	major	5.0	Agreement
9	557	31	major	5.0	Overly Literal
2	141	5	major	5.0	Agreement
7	0	6	major	5.0	Omitted Determiner
9	90	2	major	5.0	Over-translation
11	169	1	major	5.0	Omitted Determiner
9	367	14	major	5.0	False Friend
2	99	7	major	5.0	Lexical Selection
9	211	9	major	5.0	Lexical Selection
4	34	6	major	5.0	Lexical Selection
3	56	8	major	5.0	Agreement
2	37	10	major	5.0	Tense/Mood/Aspect
9 9 9 9	412 493 588 666	12 8 9 14	critical	10.0	Untranslated
7	77	4	critical	10.0	Untranslated
11	159	1	major	5.0	Omitted Determiner
10	37	16	major	5.0	Word Order
7	102	2	major	5.0	Wrong Preposition
9	707	5	major	5.0	Tense/Mood/Aspect
10	63	3	major	5.0	Tense/Mood/Aspect
3	80	1	major	5.0	Over-translation
2	78	10	major	5.0	Tense/Mood/Aspect
9	276	1	major	5.0	Omitted Determiner
9	146	7	major	5.0	POS
