segment_id	annotation_start	annotation_length	severity	severity_weight	category
0	22	1	major	5.0	Omitted Preposition
4	6	6	major	5.0	Lexical Selection
0 0	23 17	5 5	major	5.0	Word Order
2	27	6	major	5.0	Overly Literal
5	9	1	major	5.0	Omitted Preposition
4 4	93 102	8 4	major	5.0	Word Order
2	10	3	major	5.0	Wrong Determiner
2	43	1	major	5.0	Omitted Determiner
4	167	3	major	5.0	Addition
4	154	13	major	5.0	Overly Literal
2 2	0 33	9 1	major	5.0	Word Order
4	42	13	major	5.0	Lexical Selection
2	26	1	major	5.0	Omitted Preposition
4	41	1	major	5.0	Other POS Omitted
3 3	0 18	5 1	major	5.0	Word Order
0	49	9	major	5.0	Untranslated
4	124	3	major	5.0	Addition
4	13	16	major	5.0	POS
3 3 3 3 3	6 24 40 61 87	12 6 11 7 9	minor	1.0	Agreement
4	55	11	minor	1.0	Capitalization
0 0	64 0	3 5	major	5.0	Word Order
2 2	78 44	9 7	minor	1.0	Agreement
4 4	0 12	5 1	major	5.0	Word Order
4 4	133 92	9 1	major	5.0	Word Order
4	33	6	major	5.0	Lexical Selection
3	5	1	major	5.0	Omitted Determiner
0	58	5	major	5.0	Untranslated
4	122	2	major	5.0	Addition
