segment_id	annotation_start	annotation_length	severity	severity_weight	category
4	42	3	major	5.0	Overly Literal
3	35	4	major	5.0	Lexical Selection
4	93	1	major	5.0	Omitted Preposition
5	201	5	major	5.0	Tense/Mood/Aspect
2	37	18	major	5.0	Overly Literal
7	159	1	major	5.0	Omitted Determiner
7	169	1	major	5.0	Omitted Determiner
0	8	13	critical	10.0	Untranslated
3	95	6	major	5.0	Lexical Selection
6	37	16	major	5.0	Word Order
4	45	1	major	5.0	Omitted Preposition
3	80	8	major	5.0	Word Order
2	0	13	critical	10.0	Untranslated
4	59	7	major	5.0	Lexical Selection
5	7	1	major	5.0	Omitted Preposition
7	90	3	major	5.0	Wrong Pronoun
5	69	1	major	5.0	Omitted Pronoun
7	51	11	major	5.0	Word Order
5	8	8	major	5.0	Untranslated
4	154	4	major	5.0	Lexical Selection
4	159	8	major	5.0	Untranslated
5	114	9	major	5.0	Lexical Selection
5	275	4	major	5.0	Omitted Conjunction
5 5 5	125 142 174	14 11 18	critical	10.0	Untranslated
5	258	9	major	5.0	POS
4	20	9	major	5.0	Overly Literal
7	200	1	major	5.0	Omitted Determiner
4	226	17	major	5.0	Overly Literal
6	63	3	major	5.0	Tense/Mood/Aspect
3	0	9	major	5.0	Lexical Selection
4	158	1	major	5.0	Omitted Preposition
5	3	4	major	5.0	Lexical Selection
