segment_id	annotation_start	annotation_length	severity	severity_weight	category
6 6	38 29	20 1	major	5.0	Word Order
4	135	3	major	5.0	False Friend
2	143	7	major	5.0	Lexical Selection
2	42	5	major	5.0	Lexical Selection
0	18	1	major	5.0	Omitted Preposition
4	38	5	major	5.0	Lexical Selection
5 5 5	11 3 27	10 7 1	major	5.0	Word Order
6 6	96 90	12 5	major	5.0	Word Order
4	139	15	major	5.0	POS
4 4	225 221	5 3	major	5.0	Word Order
0	29	5	major	5.0	Lexical Selection
2 2	102 151	9 10	major	5.0	Overly Literal
2	19	1	major	5.0	Omitted Preposition
4	251	4	major	5.0	Tense/Mood/Aspect
4	297	3	major	5.0	False Friend
5	46	5	major	5.0	Lexical Selection
3	133	1	major	5.0	Omitted Preposition
6	117	7	major	5.0	Untranslated
4	155	2	major	5.0	Addition
4	282	14	major	5.0	Addition
6	109	8	major	5.0	Untranslated
4	161	1	major	5.0	Omitted Preposition
0	0	18	major	5.0	Word Order
4	231	11	major	5.0	Unit Conversion
6	30	7	major	5.0	Unit Conversion
0	20	1	minor	1.0	Hyphenation
2	34	7	minor	1.0	Capitalization
4	162	8	major	5.0	POS
3 3	15 3	10 11	major	5.0	Word Order
6	72	6	major	5.0	Agreement
4	20	2	major	5.0	Addition
5	22	5	major	5.0	Lexical Selection
4 4	243 230	7 1	major	5.0	Word Order
2 2 2	140 135 150	2 4 1	major	5.0	Word Order
