segment_id	annotation_start	annotation_length	severity	severity_weight	category
0	18	7	critical	10.0	Shouldn't Have Been Translated
0	26	7	major	5.0	Word Order
0	54	6	major	5.0	Word Order
2	9	3	major	5.0	Addition
2	12	7	critical	10.0	Shouldn't Have Been Translated
3	26	8	critical	10.0	Shouldn't Have Been Translated
3	0	1	major	5.0	Omitted Determiner
4	57	1	major	5.0	Omitted Determiner
4 4	68 58	7 9	major	5.0	Word Order
5	35	10	major	5.0	Lexical Selection
5	49	8	major	5.0	Word Order
5	95	4	critical	10.0	Untranslated
5	103	5	critical	10.0	Untranslated
28 28	124 132	7 28	major	5.0	Word Order
28	162	10	major	5.0	Word Order
28	173	14	major	5.0	Lexical Selection
28	212	9	critical	10.0	Untranslated
28	222	5	critical	10.0	Untranslated
28	227	1	major	5.0	Other POS Omitted
28	234	5	critical	10.0	Untranslated
28	239	5	critical	10.0	Untranslated
28	278	6	critical	10.0	Untranslated
28	284	6	critical	10.0	Untranslated
28	308	6	critical	10.0	Untranslated
28	302	6	critical	10.0	Untranslated
28	319	6	critical	10.0	Untranslated
28	325	8	critical	10.0	Untranslated
28	338	8	critical	10.0	Untranslated
28	346	4	critical	10.0	Untranslated
28	334	1	major	5.0	Word Order
28	315	1	major	5.0	Word Order
28	197	14	major	5.0	Word Order
27	160	1	major	5.0	Omitted Determiner
27 27	79 88	8 7	major	5.0	Word Order
25	75	3	major	5.0	Agreement
24	165	1	major	5.0	Omitted Determiner
24	217	5	major	5.0	Lexical Selection
24	212	4	major	5.0	Addition
24	223	3	major	5.0	Lexical Selection
23	0	1	major	5.0	Omitted Determiner
23	35	2	major	5.0	Addition
23 23	27 38	7 19	major	5.0	Word Order
23	24	2	major	5.0	Agreement
22	68	1	major	5.0	Wrong Preposition
22	85	10	major	5.0	Word Order
22	96	3	major	5.0	Addition
21	0	1	major	5.0	Omitted Determiner
21	25	6	major	5.0	Agreement
21	58	8	major	5.0	Word Order
21	47	1	major	5.0	Omitted Determiner
21	67	3	major	5.0	Agreement
21	96	1	major	5.0	Omitted Pronoun
21	137	1	major	5.0	Omitted Pronoun
21	161	1	major	5.0	Omitted Pronoun
21	162	12	major	5.0	Agreement
21	252	1	major	5.0	Omitted Determiner
21	276	1	critical	10.0	Untranslated
21	355	1	major	5.0	Omitted Determiner
21	313	1	major	5.0	Omitted Determiner
21	361	11	major	5.0	Agreement
21	261	5	critical	10.0	Untranslated
6	64	6	major	5.0	Agreement
6	59	4	major	5.0	Lexical Selection
6	70	1	major	5.0	Omitted Determiner
6	80	1	major	5.0	Omitted Preposition
6	126	7	major	5.0	Addition
6	134	1	major	5.0	Omitted Determiner
6	142	1	major	5.0	Omitted Determiner
6	151	1	major	5.0	Omitted Determiner
6	152	10	major	5.0	POS
6	182	2	major	5.0	Lexical Selection
8	0	8	critical	10.0	Shouldn't Have Been Translated
8 8	42 48	5 10	major	5.0	Word Order
8	100	6	major	5.0	Lexical Selection
9	106	7	critical	10.0	Shouldn't Have Been Translated
9	103	2	major	5.0	Addition
9 9	131 148	16 10	major	5.0	Word Order
9	130	1	major	5.0	Omitted Preposition
10	71	21	major	5.0	Overly Literal
11	45	7	critical	10.0	Shouldn't Have Been Translated
11	115	8	critical	10.0	Shouldn't Have Been Translated
12	0	8	critical	10.0	Shouldn't Have Been Translated
12	36	5	major	5.0	Lexical Selection
12	78	9	major	5.0	Lexical Selection
13	3	4	major	5.0	Lexical Selection
13 13	8 12	3 2	major	5.0	Word Order
13	18	1	major	5.0	Other POS Omitted
13	29	6	major	5.0	Agreement
14	65	2	major	5.0	Addition
14	43	7	major	5.0	Lexical Selection
14	54	5	major	5.0	Lexical Selection
14	114	3	major	5.0	Tense/Mood/Aspect
14	163	1	major	5.0	Omitted Determiner
14	154	1	major	5.0	Omitted Preposition
14 14	155 164	8 9	major	5.0	Word Order
14	204	6	critical	10.0	Untranslated
14	210	3	critical	10.0	Untranslated
18	32	1	major	5.0	Omitted Determiner
14	231	1	major	5.0	Omitted Preposition
14	242	7	major	5.0	Agreement
14	333	16	major	5.0	Word Order
14	359	3	major	5.0	Addition
14	362	7	major	5.0	POS
15	52	1	major	5.0	Omitted Determiner
15	76	4	critical	10.0	Untranslated
15	81	6	critical	10.0	Untranslated
15	163	2	major	5.0	Wrong Preposition
15	166	9	major	5.0	Lexical Selection
16	129	6	major	5.0	Tense/Mood/Aspect
16	147	12	major	5.0	Tense/Mood/Aspect
16	146	1	major	5.0	Omitted Pronoun
17	8	6	major	5.0	Agreement
17	56	1	major	5.0	Omitted Determiner
17	109	9	major	5.0	Lexical Selection
17	119	11	major	5.0	Lexical Selection
17	79	11	major	5.0	Lexical Selection
19	58	1	major	5.0	Omitted Preposition
19	137	10	major	5.0	Lexical Selection
19	148	8	major	5.0	Lexical Selection
20	16	1	major	5.0	Omitted Preposition
2	20	7	major	5.0	Lexical Selection
15	125	2	major	5.0	Addition
21	198	6	major	5.0	Agreement
0	39	7	critical	10.0	Shouldn't Have Been Translated
0	47	6	critical	10.0	Shouldn't Have Been Translated
