segment_id	annotation_start	annotation_length	severity	severity_weight	category
5	52	1	major	5.0	Omitted Determiner
0	40	15	major	5.0	Lexical Selection
2	56	5	major	5.0	Lexical Selection
0	55	6	major	5.0	Word Order
9	32	3	critical	10.0	Untranslated
9	28	3	critical	10.0	Untranslated
3	131	2	major	5.0	Addition
10	67	11	critical	10.0	Untranslated
11 11	19 0	7 18	major	5.0	Word Order
9	129	1	major	5.0	Omitted Determiner
8	18	5	major	5.0	Addition
8	54	5	critical	10.0	Untranslated
4	0	1	major	5.0	Omitted Determiner
5	99	7	major	5.0	Lexical Selection
9	25	2	critical	10.0	Untranslated
11	27	8	critical	10.0	Addition
3	54	2	major	5.0	Addition
2	108	4	critical	10.0	Shouldn't Have Been Translated
4	19	6	critical	10.0	Untranslated
2	98	9	major	5.0	Word Order
8	138	5	critical	10.0	Untranslated
8	194	1	major	5.0	Agreement
9	152	4	major	5.0	Lexical Selection
8	158	9	major	5.0	Lexical Selection
3	18	1	major	5.0	Omitted Preposition
3 3	161 167	5 7	major	5.0	Word Order
2	24	1	major	5.0	Omitted Determiner
8	0	1	major	5.0	Other POS Omitted
0	27	7	major	5.0	Word Order
2	128	6	major	5.0	Lexical Selection
3	38	5	critical	10.0	Untranslated
8	12	1	major	5.0	Omitted Determiner
3	43	4	critical	10.0	Untranslated
2	187	2	major	5.0	Agreement
8	176	1	major	5.0	Omitted Determiner
3	70	2	major	5.0	Wrong Preposition
2	113	3	major	5.0	Word Order
3	0	1	major	5.0	Omitted Determiner
2	135	16	major	5.0	Lexical Selection
12	0	1	major	5.0	Omitted Determiner
2 2	208 190	7 17	major	5.0	Word Order
8	155	2	major	5.0	Addition
3	160	1	major	5.0	Omitted Preposition
8	200	6	major	5.0	Agreement
4	25	4	critical	10.0	Untranslated
2	189	1	major	5.0	Omitted Preposition
8	132	6	critical	10.0	Untranslated
2 2	160 152	8 7	major	5.0	Word Order
2 2	25 0	24 24	critical	10.0	Untranslated
